phase,dayno,mood_relaxed,mood_down,mood_irritat,mood_satisfi,mood_lonely,mood_anxious,mood_enthus,mood_suspic,mood_cheerf,mood_guilty,mood_doubt,mood_strong,pat_restl,pat_agitate,pat_worry,pat_concent,se_selflike,se_ashamed,se_selfdoub
1,226,5,-1,1,5,-1,-1,4,1,5,-1,1,5,1,1,1,5,5,1,1
1,227,4,0,3,3,0,0,3,1,4,0,1,4,1,2,1,4,5,1,2
1,227,4,0,2,3,0,0,4,1,4,0,2,4,2,1,1,3,4,1,1
1,227,4,0,1,4,0,0,4,1,4,1,1,4,1,1,1,4,4,1,1
1,227,4,0,2,4,0,0,4,1,4,1,2,3,2,1,1,4,4,1,3
1,227,5,0,1,4,0,0,3,1,3,1,2,3,1,1,1,3,4,1,2
1,228,5,0,1,3,0,0,3,1,4,0,3,4,1,1,1,4,4,1,2
1,228,3,1,1,3,0,0,3,1,3,0,4,3,1,1,1,4,4,2,2
1,228,3,0,3,3,0,0,3,1,3,0,3,4,1,3,1,4,4,1,3
1,228,3,0,2,4,0,-1,3,1,3,1,3,4,2,2,1,3,4,1,2
1,228,2,-1,4,2,0,0,3,2,3,1,2,3,1,3,1,4,4,1,3
1,228,4,0,3,3,0,0,3,1,3,0,2,3,2,3,1,4,4,1,1
1,228,4,0,2,4,0,0,3,1,4,0,2,3,3,2,1,4,4,1,2
1,228,3,-1,3,3,0,0,3,1,3,1,3,3,2,3,1,3,4,1,3
1,228,4,0,2,1,0,0,3,1,4,0,1,4,1,1,1,3,4,1,1
1,229,5,1,2,4,0,0,3,1,3,0,3,3,2,2,1,4,4,1,2
1,229,3,0,3,3,0,0,3,1,3,0,3,4,3,2,1,4,4,2,3
1,229,4,0,3,3,0,0,3,1,4,0,2,3,2,2,1,4,4,1,2
1,230,5,1,1,4,0,-1,3,1,3,-1,1,3,1,1,1,2,5,1,2
1,230,5,0,1,5,-1,-1,4,1,4,0,2,5,1,1,1,5,5,1,1
1,230,5,1,2,3,0,-1,3,1,3,0,2,4,2,2,1,4,4,1,2
1,230,3,0,3,3,-1,-1,3,1,4,-1,2,4,2,3,1,3,4,1,2
1,230,3,0,3,3,0,0,3,1,3,0,3,3,3,3,1,4,4,1,3
1,230,5,0,2,5,-1,-1,5,1,5,0,1,5,1,1,1,5,5,1,1
1,230,5,0,1,3,-1,-1,4,1,4,-1,2,4,2,2,1,3,4,1,2
1,230,5,0,1,4,0,0,4,1,4,0,1,4,1,1,1,4,4,1,2
1,230,5,0,1,5,-1,-1,5,1,5,-1,2,5,1,1,1,4,4,1,1
1,231,5,0,1,5,0,0,5,1,5,0,1,5,1,1,1,5,5,1,1
1,231,5,0,2,4,0,0,3,1,4,0,2,4,1,1,1,4,4,1,2
1,231,6,0,1,5,0,0,4,1,5,0,1,5,1,1,1,5,5,1,1
1,231,4,0,2,5,0,0,4,1,5,1,2,4,1,2,1,4,5,1,2
1,231,5,0,1,4,0,0,3,1,4,0,2,3,1,1,1,4,4,1,2
1,231,5,0,2,4,0,0,3,1,4,0,2,3,2,1,1,4,4,1,2
1,232,4,2,2,3,2,1,3,2,3,1,4,3,2,2,4,4,4,3,3
1,232,4,2,1,3,1,0,3,2,3,0,2,3,2,2,3,3,4,3,3
1,232,4,1,2,4,1,0,3,1,3,0,2,3,1,1,2,4,4,2,2
1,232,4,0,2,4,0,0,4,1,4,0,2,3,2,2,1,4,4,1,2
1,232,5,0,1,5,0,0,4,1,5,0,2,4,2,2,1,4,4,1,2
1,232,5,0,1,4,0,0,4,1,5,0,1,5,1,1,5,5,5,1,1
1,233,4,0,2,4,0,0,3,1,4,0,2,4,2,2,1,5,5,1,3
1,233,4,0,2,4,0,0,3,1,4,0,2,4,2,2,1,5,5,1,2
1,233,5,0,1,5,0,0,5,1,5,0,1,5,1,1,1,5,5,1,1
1,234,5,0,1,5,0,0,5,1,5,0,1,5,1,1,1,5,5,1,1
1,234,4,0,1,3,0,0,3,1,3,0,3,3,1,1,1,3,4,1,3
1,234,3,1,2,3,0,0,4,1,4,1,3,3,1,2,1,4,4,1,2
1,234,4,1,1,3,0,0,3,1,3,1,4,3,1,2,1,2,3,2,4
1,234,5,0,1,4,0,0,3,1,4,1,2,3,1,2,1,4,4,2,2
1,234,4,0,2,4,0,0,4,1,4,0,2,4,2,2,1,4,4,1,1
1,234,5,0,1,5,0,0,5,1,5,0,1,5,1,1,1,5,5,1,1
1,234,4,0,3,4,0,0,4,1,4,0,1,5,1,2,1,5,5,1,1
1,235,4,1,1,3,0,-1,3,1,3,0,2,3,1,1,1,4,4,1,3
1,235,4,0,1,4,0,0,4,1,4,0,3,4,1,1,1,4,4,1,2
1,235,4,0,2,4,0,0,4,1,4,0,2,4,2,2,1,4,4,1,2
1,235,3,0,3,4,0,0,4,1,4,0,2,4,2,3,1,4,4,1,3
1,235,4,0,3,5,0,0,4,1,5,0,2,5,2,2,1,5,5,1,1
1,235,5,0,1,5,0,0,5,1,5,0,1,5,1,1,1,5,5,1,1
1,235,5,1,2,3,0,0,4,1,3,0,2,4,2,2,1,4,4,1,2
1,235,5,0,1,5,-1,0,5,1,5,0,1,5,1,1,1,5,5,1,1
1,235,5,0,1,5,0,0,4,1,5,0,1,5,1,2,1,5,5,1,1
1,236,5,-1,1,5,0,0,5,1,5,0,1,5,1,1,1,5,5,1,1
1,236,5,-1,1,5,0,0,5,1,5,0,2,5,1,1,1,5,5,1,1
1,236,5,0,2,4,0,0,3,1,4,0,3,4,2,2,1,3,4,1,3
1,236,5,0,1,5,0,0,4,1,5,0,1,5,1,1,1,5,5,1,1
1,236,4,0,2,3,0,0,4,1,4,1,3,3,3,3,1,4,4,1,3
1,236,4,0,2,4,0,0,3,1,3,0,2,4,2,1,1,4,4,1,2
1,236,4,1,2,3,1,0,3,1,4,0,2,3,2,2,1,4,4,1,2
1,237,4,1,1,3,0,1,3,1,3,0,3,3,2,2,1,3,4,1,3
1,237,4,1,3,3,0,0,3,1,3,1,3,3,1,2,3,3,4,2,3
1,237,4,0,2,4,0,0,3,1,4,0,2,4,2,2,1,4,4,1,3
1,237,3,1,3,3,0,0,3,1,3,1,3,3,2,3,2,4,4,1,2
1,237,5,-1,1,6,-1,-1,5,1,5,-1,1,5,1,1,1,5,5,1,1
1,238,5,-1,1,6,-1,0,5,1,5,0,1,5,1,1,1,5,5,1,1
1,238,5,-1,1,6,-1,-1,5,1,5,-1,1,5,1,1,1,5,5,1,1
1,238,4,1,2,3,0,0,4,1,3,0,1,4,2,2,1,4,5,1,2
1,239,4,1,2,3,0,0,3,1,4,0,2,4,1,1,2,4,4,1,2
1,239,4,1,1,4,0,0,3,1,3,0,3,3,1,1,2,3,4,1,3
1,239,5,0,2,5,0,0,4,1,4,0,2,4,2,2,1,4,5,1,2
1,239,5,0,2,3,0,0,3,1,4,0,2,5,1,1,1,5,5,1,1
1,239,4,1,2,3,0,0,3,1,3,0,3,3,1,2,1,4,4,1,2
1,239,4,1,1,3,1,0,3,1,3,0,3,3,2,2,1,4,4,1,2
1,239,5,0,2,3,0,0,4,1,4,0,3,3,2,2,1,4,4,2,2
1,240,5,1,1,5,0,0,4,1,3,0,3,4,1,2,1,4,4,1,3
1,240,4,1,2,3,0,0,3,1,3,0,2,3,2,2,1,3,4,1,3
1,240,3,1,1,3,0,0,3,1,3,0,3,3,2,1,1,3,4,1,3
1,240,5,0,1,5,0,0,4,1,4,0,2,4,1,1,1,4,4,1,2
1,240,4,0,2,3,0,0,3,1,4,0,2,3,2,2,1,4,4,1,2
1,240,4,0,1,5,0,0,4,1,4,0,1,4,1,1,1,4,4,1,2
1,240,4,0,2,5,0,0,4,1,5,0,2,4,1,2,1,4,5,1,2
1,241,3,1,2,3,0,0,3,1,3,0,2,3,1,3,2,3,4,1,3
1,241,5,0,2,5,0,0,4,1,5,0,2,5,1,1,1,5,5,1,2
1,241,4,0,3,4,0,0,4,1,3,0,3,4,3,3,1,4,4,1,2
1,241,4,0,2,5,0,0,4,1,4,0,2,4,2,1,1,5,5,1,2
1,241,5,-1,1,5,-1,0,5,1,5,0,1,5,1,1,1,5,5,1,1
1,241,4,0,3,5,0,0,4,1,4,0,3,4,1,1,1,5,5,1,2
1,241,5,1,2,3,0,0,3,1,3,1,3,3,3,2,1,4,4,2,2
1,242,4,1,2,3,0,0,3,1,3,0,2,3,2,2,1,4,4,1,3
1,242,5,0,1,5,0,0,4,1,5,0,1,5,1,1,1,5,5,1,1
1,242,5,0,2,4,0,0,3,1,3,0,2,3,2,2,1,4,4,1,2
1,242,5,0,1,5,0,0,4,1,5,0,1,5,1,1,1,5,5,1,1
1,242,4,0,3,3,0,0,3,1,4,0,2,4,3,2,1,3,4,1,2
1,242,4,0,2,4,0,0,3,1,4,0,3,3,2,2,1,3,4,1,3
1,242,4,0,3,4,0,0,3,1,4,0,1,3,2,3,1,4,4,1,3
1,242,3,0,4,2,0,0,3,1,3,0,2,3,3,3,1,4,4,1,3
1,243,5,1,2,4,0,0,3,1,4,0,2,3,1,2,2,4,4,1,3
1,243,3,0,3,3,0,0,3,1,4,0,2,4,2,3,1,4,4,1,2
1,243,5,0,2,5,0,0,4,1,4,0,2,5,1,2,1,5,5,1,2
1,243,5,0,2,5,0,0,4,1,4,0,2,5,2,2,1,5,5,1,1
1,243,5,0,1,5,0,0,4,1,4,0,2,5,1,1,1,5,5,1,1
1,243,4,0,2,5,0,0,4,1,4,0,2,3,2,1,1,4,5,1,2
1,243,5,-1,1,5,0,0,5,1,5,0,1,5,1,1,1,5,5,1,1
1,243,5,-1,1,5,0,0,5,1,5,0,1,5,1,1,1,5,5,1,1
1,244,4,0,3,3,0,0,3,1,3,0,2,3,1,3,1,3,4,1,3
1,244,4,0,2,4,0,0,4,1,4,0,1,4,1,2,1,4,5,1,2
1,244,4,0,2,4,0,0,3,1,4,0,2,3,2,2,1,4,4,1,2
1,244,4,-1,3,3,0,0,4,1,4,0,1,4,1,2,1,4,5,1,2
1,244,4,0,3,3,0,0,3,1,3,0,1,3,2,4,1,3,4,1,2
1,245,5,0,1,5,0,0,4,1,5,0,1,5,1,1,1,5,5,1,1
1,245,5,-1,1,5,0,-1,5,1,5,-1,1,5,1,1,1,5,5,1,1
1,245,4,0,2,4,0,0,4,1,4,0,1,3,2,2,1,4,4,1,2
1,245,5,-1,1,5,-1,-1,4,1,5,0,1,5,1,1,1,5,5,1,1
1,245,5,0,1,5,0,0,5,1,5,0,1,5,1,1,1,5,5,1,1
1,245,5,-1,1,5,0,0,5,1,5,0,1,5,1,1,1,5,5,1,1
1,246,4,1,2,4,0,0,3,1,3,0,1,3,1,1,2,3,4,2,3
1,246,3,0,3,4,0,0,4,1,5,0,1,4,1,2,1,5,5,1,1
1,246,5,0,1,6,0,0,4,1,5,0,1,5,1,1,1,5,5,1,1
1,247,5,0,1,5,0,0,5,1,5,0,1,5,1,1,1,5,5,1,1
1,247,6,-1,1,5,-1,-1,5,1,5,-1,1,5,1,1,1,5,5,1,1
1,247,4,0,2,4,0,0,4,1,4,0,2,5,1,2,1,5,5,1,1
1,247,4,0,2,3,0,0,3,1,3,0,2,3,1,3,1,3,4,1,3
1,247,4,0,2,3,0,0,3,1,4,0,2,3,2,2,1,4,4,1,2
1,247,4,0,1,5,0,0,4,1,4,0,1,1,1,1,1,4,5,1,1
1,247,3,0,4,4,0,0,3,1,4,0,1,4,1,3,1,5,5,1,2
1,247,5,0,2,4,0,0,4,1,5,0,1,5,2,2,1,5,5,1,1
1,248,5,0,1,5,0,0,5,1,5,0,1,5,1,1,1,5,5,1,1
1,248,5,0,1,4,0,0,4,1,4,0,3,4,1,1,1,3,5,1,2
1,248,5,0,2,5,0,0,4,1,5,0,2,5,1,2,1,5,5,1,1
1,248,5,0,2,4,0,0,4,1,4,0,2,4,1,2,1,4,4,1,3
1,248,4,0,3,3,0,0,3,1,3,0,3,3,3,3,1,3,4,1,3
1,248,5,0,2,5,0,0,4,1,5,0,1,5,1,1,1,5,5,1,1
1,248,5,0,2,5,0,0,5,1,5,0,1,5,1,1,1,5,5,1,1
1,248,5,0,1,5,0,0,4,1,5,0,1,5,1,1,1,5,5,1,1
1,248,4,0,3,3,0,0,3,1,4,0,2,3,2,3,1,4,5,1,2
1,248,4,0,1,5,0,0,4,1,4,0,1,3,1,1,1,4,4,1,1
1,249,5,-1,1,5,-1,-1,5,1,5,-1,1,5,1,1,1,5,5,1,1
1,249,5,-1,2,6,-1,-1,6,1,5,-1,1,5,1,1,1,5,5,1,1
1,249,5,0,1,5,0,0,5,1,5,0,1,5,1,1,1,5,5,1,1
1,249,5,0,1,5,0,0,4,1,5,0,1,4,1,1,1,5,5,1,1
1,249,5,0,1,5,0,0,5,1,5,0,1,5,1,1,1,5,5,1,1
1,250,5,-1,1,5,-1,-1,5,1,5,-1,1,5,1,1,1,5,5,1,1
1,250,5,0,2,3,0,0,4,1,4,0,3,4,1,1,1,3,4,1,2
1,250,3,0,3,3,0,0,3,1,4,0,2,3,1,3,1,4,4,1,2
1,250,5,0,2,5,0,0,4,1,4,0,2,4,1,2,1,4,5,1,2
1,250,4,1,3,3,0,0,3,1,3,0,3,3,1,3,1,3,4,1,3
1,250,5,0,1,5,0,0,5,1,5,0,1,5,1,1,1,5,5,1,1
1,250,5,0,2,5,0,0,4,1,5,0,1,5,1,1,1,5,5,1,1
1,250,5,0,2,4,0,0,5,1,5,0,1,5,1,2,1,5,5,1,1
1,250,4,0,3,4,0,0,3,1,4,0,3,4,1,3,1,4,5,1,3
1,251,5,0,1,4,0,0,4,1,3,0,2,4,1,1,1,3,5,1,2
1,251,4,0,2,4,0,0,4,1,4,0,3,3,2,2,1,4,4,1,2
1,251,5,-1,1,5,-1,-1,5,1,5,-1,2,5,1,1,1,5,5,1,1
1,251,5,0,1,5,0,0,4,1,4,0,1,4,1,2,1,3,4,1,2
1,251,4,0,2,4,0,0,4,1,4,0,2,3,2,2,1,4,5,1,2
1,251,4,0,3,4,0,0,3,1,4,0,1,4,2,3,1,5,5,1,2
1,251,4,0,2,5,0,0,5,1,5,0,1,5,1,1,1,5,5,1,1
1,252,5,0,1,5,0,0,3,1,4,0,2,4,1,1,1,3,5,1,2
1,252,5,-1,1,5,-1,-1,5,1,5,-1,1,5,1,1,1,5,5,1,1
1,252,4,0,3,4,0,0,3,1,4,0,1,3,1,2,1,4,5,1,2
1,252,4,0,3,3,0,0,3,1,4,0,2,4,2,2,1,4,4,1,2
1,252,4,0,2,4,0,0,3,1,4,0,2,3,2,2,1,4,4,1,2
1,252,4,0,4,4,0,0,3,1,3,0,1,4,2,4,1,5,5,1,2
1,252,5,1,2,5,1,0,3,1,5,0,1,4,2,2,2,4,4,1,2
1,252,5,1,1,4,1,0,3,1,3,0,2,3,2,2,2,4,4,1,2
1,253,4,1,1,4,1,0,2,1,3,0,1,3,1,1,1,2,4,1,3
1,253,4,0,1,5,0,0,3,1,4,0,3,5,1,1,1,5,5,1,2
1,253,5,0,2,5,0,0,4,1,4,0,1,5,1,1,1,5,5,1,1
1,253,5,0,1,5,0,0,5,1,5,0,1,5,1,1,1,5,1,1,1
2,254,4,1,2,4,1,0,3,1,4,1,4,3,2,2,1,4,5,1,1
2,254,3,0,2,3,0,0,3,1,4,1,3,4,3,3,1,4,5,2,3
2,254,4,1,3,3,1,0,3,1,3,0,2,3,1,3,1,5,5,1,3
2,254,4,1,1,4,0,0,3,1,4,0,2,3,2,2,1,4,5,1,3
2,254,5,0,1,4,0,0,3,1,4,-1,2,4,2,2,2,5,5,1,2
2,254,4,0,3,4,0,0,3,1,4,0,1,4,2,2,1,5,5,1,2
2,254,5,-1,1,5,0,0,5,1,5,0,1,5,1,1,1,5,5,1,1
2,254,5,0,1,5,0,0,5,1,5,0,1,5,1,2,1,5,5,5,1
2,254,5,0,2,5,0,0,1,1,5,0,2,5,2,2,1,5,5,1,1
2,255,5,0,1,5,0,0,4,1,5,0,2,4,2,1,1,5,5,1,1
2,255,4,1,2,3,1,0,4,1,3,0,2,3,1,3,1,4,5,1,3
2,255,4,1,3,4,0,0,3,1,4,0,2,4,2,2,1,4,5,1,2
2,255,4,1,3,4,0,0,3,1,3,0,2,3,3,3,1,4,5,1,2
2,255,3,0,3,3,0,0,3,1,4,0,2,4,3,3,1,5,5,1,3
2,255,3,0,4,3,0,0,3,1,3,0,1,4,4,4,1,5,4,1,2
2,255,5,0,1,5,0,0,5,1,5,0,1,5,1,1,1,5,5,1,1
2,256,5,0,1,5,0,0,3,1,4,0,2,4,1,1,2,2,5,1,2
2,256,5,0,2,5,0,0,3,2,5,0,2,5,1,1,1,5,5,1,1
2,256,4,0,1,5,-1,0,4,1,5,0,1,5,1,2,1,5,5,1,1
2,256,4,0,2,4,0,0,5,1,5,0,1,4,3,2,1,5,5,1,1
2,256,4,0,2,5,0,0,4,1,5,0,2,5,1,2,1,5,5,1,2
2,257,4,2,2,3,1,0,3,2,3,1,3,3,1,3,3,5,5,2,4
2,257,3,0,3,3,0,0,3,1,3,0,1,3,2,3,2,5,5,1,3
2,257,5,1,1,4,0,0,4,1,4,0,2,4,2,2,1,4,5,1,2
2,257,4,-1,1,5,-1,-1,6,1,5,0,1,5,1,1,1,5,5,1,1
2,257,5,-1,1,5,-1,-1,6,1,5,-1,1,6,1,1,1,5,5,1,1
2,257,5,-1,1,6,-1,-1,6,1,5,-1,1,5,1,1,1,5,5,1,1
2,257,5,-1,1,6,-1,-1,5,1,6,0,1,5,1,1,1,5,5,1,1
2,257,5,0,1,6,-1,-1,6,1,6,-1,1,5,1,1,1,5,5,1,1
2,257,6,-1,1,5,0,0,5,1,5,0,1,5,1,1,1,5,1,1,1
2,257,4,0,1,4,0,0,4,1,4,0,1,4,1,1,1,3,5,1,2
2,258,5,-1,1,6,-1,0,5,1,5,0,1,6,1,1,1,5,5,1,1
2,258,5,0,2,5,0,0,4,1,5,0,1,6,1,2,1,5,5,1,1
2,258,4,-1,2,5,-1,-1,6,1,5,0,1,5,1,3,1,5,5,1,1
2,258,4,0,2,5,0,0,4,1,5,0,1,5,2,2,1,4,5,1,1
2,258,3,0,3,4,0,0,4,1,5,0,1,5,2,2,1,5,5,1,1
2,258,3,0,3,5,0,0,4,1,5,0,1,5,3,2,1,5,5,1,1
2,258,3,-1,3,5,0,0,5,1,5,0,1,5,3,2,1,5,5,1,1
2,259,4,0,2,5,0,0,5,1,5,0,1,5,1,2,1,5,5,1,1
2,259,4,0,2,5,0,0,4,1,4,0,2,3,2,2,1,3,5,1,2
2,259,3,0,2,3,0,0,3,1,3,0,2,3,2,2,1,3,5,1,3
2,259,3,0,3,4,0,0,3,1,4,0,1,4,3,2,1,4,5,1,2
2,259,3,0,3,3,0,0,3,1,4,0,2,4,3,2,1,4,5,1,2
2,259,3,0,4,2,0,0,3,1,4,-2,3,3,4,3,1,4,4,2,3
2,259,2,0,4,3,0,0,3,1,3,1,3,3,3,3,1,3,4,1,3
2,259,4,0,1,5,0,0,5,1,5,0,1,5,1,2,1,5,5,1,1
2,259,4,0,1,4,0,0,4,1,4,0,1,4,1,1,1,4,4,1,1
2,259,4,0,2,3,0,0,3,1,4,0,1,4,1,1,1,4,4,1,2
2,260,4,-1,1,5,-1,-1,5,1,5,-1,1,5,1,1,1,5,5,1,1
2,260,4,1,2,4,0,0,3,1,4,0,1,4,1,2,1,4,5,1,2
2,260,4,0,2,5,0,0,5,1,5,0,1,5,1,1,1,5,5,1,1
2,260,3,0,3,3,0,0,3,1,3,0,2,3,3,2,1,4,5,1,3
2,260,3,0,3,4,0,0,4,1,4,0,2,5,3,3,1,4,5,1,1
2,260,5,-1,2,5,0,0,4,1,5,0,1,5,1,2,1,5,5,1,1
2,260,3,-1,2,5,0,0,5,1,5,0,1,5,2,1,1,5,5,1,1
2,260,4,0,2,4,0,0,3,1,4,0,1,4,2,2,1,4,5,1,1
2,260,3,0,4,3,0,0,4,1,4,0,2,4,2,4,1,4,5,1,2
2,261,4,1,2,3,0,0,3,1,4,0,2,3,2,2,1,4,4,1,2
2,261,2,1,3,3,0,0,3,1,4,0,2,3,2,2,1,4,5,1,2
2,261,4,0,2,5,0,0,5,1,4,0,2,5,2,1,1,5,5,1,1
2,261,5,0,1,6,0,0,5,1,5,0,1,5,1,1,1,5,5,1,1
2,261,3,0,2,4,0,0,3,1,4,0,2,3,1,2,1,4,5,1,2
2,261,3,0,3,5,0,0,4,1,4,0,2,4,1,3,1,5,5,1,2
2,261,3,0,4,3,0,0,4,1,4,0,1,3,3,4,1,4,5,1,3
2,261,5,0,1,5,0,0,5,1,5,0,1,5,1,1,1,5,5,1,1
2,261,5,-1,1,6,-1,-1,5,1,5,-1,1,5,1,1,1,5,5,1,1
2,261,5,0,2,3,0,0,3,1,3,0,2,4,2,2,1,4,4,1,2
2,262,3,1,3,3,0,0,3,1,3,0,2,3,2,3,1,4,5,1,3
2,262,3,0,3,3,0,0,3,1,3,0,2,3,2,2,1,4,4,1,2
2,262,4,1,2,4,0,0,3,1,3,0,2,3,1,2,1,3,4,1,2
2,262,4,0,1,5,0,0,5,1,5,0,2,5,1,1,1,5,5,1,1
2,262,3,0,3,3,0,0,3,1,3,0,3,3,3,3,1,4,4,2,3
2,262,4,0,4,3,0,0,3,1,4,0,3,3,4,3,1,4,5,2,3
2,262,3,1,3,3,0,0,3,1,4,0,3,3,4,3,1,4,4,1,2
2,262,4,0,1,4,0,0,4,1,3,0,1,4,1,2,1,4,4,1,1
2,263,4,1,2,3,0,0,3,1,4,0,2,5,1,2,1,4,5,1,2
2,263,3,1,2,3,0,0,3,1,3,0,3,3,2,2,1,4,5,1,3
2,263,4,0,2,4,0,0,3,2,4,0,3,4,3,2,1,4,4,1,3
2,263,3,0,4,4,0,0,3,1,3,0,1,4,3,3,1,5,5,1,3
2,263,3,0,3,4,0,0,5,1,3,0,2,4,2,3,1,5,5,1,2
2,263,4,-1,2,5,-1,0,5,1,5,0,1,5,2,2,1,5,5,1,1
2,263,5,-1,1,6,-1,-1,5,1,5,-1,1,5,1,1,1,5,5,1,1
2,263,5,-2,1,6,-1,-1,5,1,5,-1,1,5,2,1,1,5,5,1,1
2,263,4,0,2,4,0,0,4,2,4,0,1,4,2,2,1,5,5,1,2
2,264,5,1,2,5,0,-1,4,1,3,-1,2,4,1,1,2,4,4,1,3
2,264,3,1,2,4,0,0,3,1,4,0,2,4,2,2,1,5,5,1,2
2,264,4,0,3,5,-1,-1,4,1,3,-1,1,4,1,2,1,5,5,1,2
2,264,2,0,4,3,0,0,3,1,4,0,2,3,3,4,1,5,4,1,3
2,264,4,0,1,5,0,0,5,1,5,0,1,5,1,1,1,5,5,1,1
2,264,4,0,1,5,0,0,3,1,4,0,2,4,2,2,1,4,5,1,2
2,265,5,0,1,5,0,0,5,5,5,0,1,5,1,2,1,5,5,1,1
2,265,5,0,3,4,-1,-1,4,1,4,-1,2,5,2,2,1,5,5,1,1
2,265,5,-1,1,5,-1,-1,5,1,5,-1,1,6,1,1,1,5,5,1,1
2,265,5,0,2,4,0,0,4,1,4,0,1,3,2,2,1,4,5,1,3
2,265,5,0,2,5,0,0,3,1,4,0,2,3,2,2,1,5,5,1,2
2,265,4,1,3,2,0,0,3,2,4,0,1,4,2,3,1,5,5,1,2
2,265,5,-1,1,6,-1,-1,5,1,5,-1,1,5,1,1,1,5,5,1,1
2,266,5,0,2,5,0,0,4,1,4,0,2,4,1,1,1,4,5,1,2
2,266,4,-1,1,6,-1,-1,5,1,5,-1,1,5,1,2,1,5,5,1,1
2,266,4,0,3,4,0,0,4,1,4,0,1,5,2,2,1,4,5,1,2
2,266,5,0,2,5,0,0,4,1,5,0,1,4,2,2,1,5,5,1,1
2,266,5,0,2,4,0,0,4,1,4,0,2,4,1,2,1,4,5,1,2
2,266,5,0,2,5,0,0,3,1,4,0,2,5,2,2,1,4,5,1,2
2,267,5,-1,1,6,-1,-1,5,1,5,-1,1,5,1,1,1,5,5,1,1
2,267,5,0,1,5,0,0,4,1,5,0,1,5,1,1,1,5,5,1,1
2,267,5,0,1,5,0,0,4,1,5,-1,1,6,1,1,1,5,5,1,1
2,267,5,-1,1,5,-2,-1,5,1,5,-1,1,5,1,1,1,5,5,1,1
2,267,4,0,2,5,0,0,4,1,5,0,1,5,1,1,1,5,5,1,1
2,267,4,0,1,4,0,0,3,1,3,0,1,3,1,1,1,4,5,1,2
2,267,4,0,1,5,0,0,3,1,4,0,1,4,1,2,1,4,4,1,2
3,268,4,1,2,3,0,0,3,1,4,0,2,4,2,2,1,4,5,1,2
3,268,4,0,3,4,0,0,4,1,3,0,3,4,1,3,1,4,5,1,3
3,268,3,0,3,3,-1,0,3,1,3,-1,1,4,3,3,1,5,5,1,2
3,268,2,0,5,3,0,0,3,2,3,0,1,3,3,4,1,4,5,1,3
3,268,5,0,2,4,0,0,4,1,4,0,1,5,1,1,1,5,5,1,1
3,268,4,0,1,4,0,0,4,1,4,0,1,4,1,1,1,5,5,1,2
3,269,5,0,1,6,0,0,5,1,4,0,1,5,1,1,1,5,5,1,1
3,269,4,0,2,5,0,0,4,1,5,0,2,5,2,1,1,5,5,1,1
3,269,5,0,2,3,0,0,4,1,3,0,2,3,2,2,1,4,5,1,2
3,269,5,-1,1,6,-1,-1,6,1,6,-1,1,6,1,1,1,5,5,1,1
3,269,5,-1,2,5,-1,-1,5,1,5,-1,1,5,1,1,1,5,5,1,1
3,269,4,0,1,5,0,0,4,1,4,0,1,4,1,1,1,5,5,1,1
3,269,3,0,4,3,0,0,3,1,4,0,1,3,1,3,1,4,5,2,2
3,269,5,0,1,6,0,0,4,1,5,0,1,5,1,1,1,5,5,1,1
3,270,5,0,1,5,0,0,4,1,5,0,2,5,2,1,1,5,5,1,2
3,270,4,0,2,4,0,0,3,1,3,0,2,4,2,2,1,4,5,1,2
3,270,4,0,1,5,0,0,4,1,5,0,1,5,1,1,1,5,5,1,1
3,270,3,1,3,3,0,0,3,2,3,0,3,3,3,3,2,4,4,2,3
3,270,4,2,2,3,1,0,3,1,3,1,4,4,2,2,3,3,4,2,3
3,270,3,0,3,3,1,0,3,1,3,0,3,3,4,3,1,4,4,2,3
3,270,5,0,2,4,0,0,3,1,4,0,2,4,1,2,1,4,4,1,1
3,270,5,1,1,5,0,0,4,1,4,0,2,3,1,1,3,4,5,2,2
3,270,4,0,1,5,0,0,4,1,4,0,2,4,2,1,1,4,5,1,2
3,271,5,0,2,5,0,0,4,1,5,0,1,5,1,1,1,5,5,1,1
3,271,5,-1,1,6,-1,-1,6,1,5,-1,1,5,1,1,1,5,5,1,1
3,271,5,-3,1,6,-2,-2,6,1,6,-2,1,6,1,1,1,5,5,1,1
3,271,5,-1,1,5,-2,-1,5,1,4,-1,1,5,1,1,1,5,5,1,1
3,271,5,-2,1,6,-2,-1,5,1,5,-1,1,6,1,1,1,5,5,1,1
3,271,5,-1,1,6,-1,-1,5,1,5,-1,1,5,1,1,1,5,5,1,1
3,271,5,-1,1,5,-1,-1,5,1,1,-1,1,5,1,1,1,4,5,1,1
3,271,5,0,1,5,0,0,3,1,4,0,1,3,1,1,1,4,5,1,1
3,272,5,0,1,3,0,0,4,1,4,0,1,4,2,1,1,4,4,1,3
3,272,5,-1,1,6,-1,-1,5,1,5,-1,1,5,1,1,1,5,5,1,1
3,272,4,-1,2,5,-1,-1,6,1,5,-1,1,5,2,2,1,5,5,1,1
3,272,3,0,3,3,0,0,3,1,3,0,1,3,1,2,1,4,5,1,2
3,272,5,0,1,5,0,0,5,1,5,-1,1,5,1,1,1,5,5,1,1
3,272,4,0,1,3,0,0,3,1,3,0,2,3,1,2,1,3,4,1,2
3,272,4,0,2,4,0,0,3,1,3,0,2,3,2,2,1,4,5,1,2
3,272,3,-1,3,3,0,0,3,1,3,0,2,3,2,3,1,3,4,1,3
3,273,5,0,1,5,-1,-1,4,1,5,-1,2,4,2,2,2,5,5,1,1
3,273,4,1,2,3,0,0,3,1,4,0,2,3,2,2,1,4,4,1,2
3,273,3,1,3,3,1,0,3,1,3,0,3,3,2,2,2,3,4,1,3
3,273,5,0,1,5,0,0,3,1,4,0,2,4,2,2,1,5,5,1,2
3,273,5,-1,1,6,-1,-1,6,1,5,-1,1,5,1,1,1,5,5,1,1
3,273,4,0,3,3,0,0,3,1,3,1,3,3,3,3,1,3,4,1,3
3,273,4,0,1,4,-1,0,5,1,4,0,2,3,2,2,1,5,5,1,2
3,273,5,0,1,5,0,0,5,1,5,0,1,5,1,1,1,5,5,1,1
3,273,4,1,2,3,0,0,3,1,3,0,3,3,2,2,1,4,4,1,3
3,274,5,0,1,5,0,0,3,1,4,0,1,3,1,1,1,1,5,1,1
3,274,4,1,2,3,0,0,3,1,3,0,2,3,1,2,2,3,5,1,2
3,274,4,1,2,4,1,0,3,1,4,0,2,4,3,3,2,4,5,1,3
3,274,4,0,3,3,0,0,3,1,3,0,3,3,3,3,1,3,4,1,3
3,274,4,0,2,5,0,0,4,1,4,0,2,3,1,1,1,3,5,1,3
3,274,2,0,5,3,0,0,3,1,3,0,1,3,4,4,1,4,5,1,3
3,274,5,0,1,5,0,0,3,1,4,0,2,3,1,2,1,4,4,1,1
3,274,3,0,5,4,0,0,3,1,3,0,2,4,2,3,1,4,5,1,2
3,275,4,1,1,3,0,0,3,1,3,0,2,3,1,2,1,4,4,1,2
3,275,4,0,2,3,0,0,3,1,3,0,3,4,3,3,1,4,4,1,1
3,275,4,0,2,4,0,0,3,1,4,0,2,3,4,2,1,4,4,1,3
3,275,3,0,3,4,0,0,3,1,4,0,3,3,3,3,1,4,4,1,3
3,275,3,0,5,4,0,0,3,1,3,0,1,3,4,3,1,4,4,1,3
3,275,4,0,2,4,0,0,3,1,4,0,2,4,2,2,1,4,4,1,2
3,275,5,0,1,5,0,0,4,1,5,0,2,4,1,1,1,4,4,1,1
3,275,5,0,1,5,0,0,5,1,5,0,1,5,1,1,1,5,5,1,1
3,275,3,0,3,4,0,0,3,1,3,0,1,3,3,2,1,3,4,1,1
3,276,4,0,2,4,0,0,4,1,4,0,2,4,3,2,2,4,4,1,3
3,276,3,0,3,4,0,0,4,1,4,0,2,4,2,2,1,5,5,1,2
3,276,4,0,3,5,0,0,4,1,4,0,2,5,2,3,1,4,5,1,2
3,276,4,0,3,3,0,0,3,1,4,0,2,4,4,3,1,3,4,1,3
3,276,4,0,4,3,0,0,3,1,3,0,2,3,4,3,1,4,4,1,3
3,276,4,0,4,3,0,0,3,1,4,0,2,3,4,4,1,4,4,1,3
3,276,3,0,5,3,0,0,4,1,3,0,2,3,4,5,1,3,4,1,3
3,276,5,0,2,5,0,0,4,1,5,0,1,5,2,2,1,5,5,1,1
3,276,5,0,2,5,0,0,4,1,4,0,2,4,3,2,1,5,5,1,1
3,276,5,0,2,5,0,0,4,1,4,0,1,4,1,2,1,5,5,1,1
3,277,3,2,1,3,0,0,3,1,3,0,3,3,1,2,4,4,3,3,4
3,277,3,2,1,2,2,0,3,3,2,1,4,3,2,2,5,4,4,3,4
3,277,4,1,2,3,1,0,3,1,3,0,2,3,2,2,3,4,4,2,3
3,277,4,1,2,4,1,0,3,1,3,0,2,3,2,2,2,4,4,2,3
3,278,4,0,2,4,0,0,4,1,4,0,1,4,1,2,2,4,5,1,1
3,278,4,0,3,4,0,0,4,1,4,0,1,4,1,2,1,5,5,1,2
3,278,5,0,1,5,0,0,4,1,4,0,2,4,1,2,1,5,5,1,1
3,278,4,0,2,4,0,0,4,1,3,0,2,4,3,3,1,3,4,1,3
3,278,4,0,2,4,0,0,3,1,4,0,2,4,3,2,1,4,4,1,2
3,278,4,0,1,5,0,0,4,1,3,0,2,4,2,2,1,3,4,1,2
3,278,4,1,2,3,0,0,3,1,3,0,2,3,2,2,2,3,4,4,3
3,279,3,1,2,3,0,0,3,1,3,0,3,2,2,2,2,3,4,2,3
3,279,4,1,2,5,0,0,4,1,3,0,3,3,2,2,2,4,4,2,2
3,279,4,0,2,5,0,0,4,1,4,0,2,3,3,2,2,4,5,1,3
3,279,5,0,1,5,0,0,4,1,5,0,2,4,1,2,1,4,5,1,1
3,279,4,0,2,4,0,0,3,1,3,0,3,3,3,2,1,4,4,1,3
3,279,3,1,4,4,0,0,3,1,3,0,1,3,4,4,1,4,4,1,4
3,279,3,0,5,4,0,0,4,1,3,0,1,3,4,4,1,4,5,1,3
3,279,2,0,5,4,0,0,3,1,4,0,1,4,3,4,1,4,4,1,2
3,280,4,0,2,4,0,0,4,2,4,0,2,4,2,2,2,4,4,1,2
3,280,4,0,3,5,0,0,4,1,4,0,2,4,2,2,1,5,5,1,2
3,280,4,1,2,4,0,0,4,1,3,0,2,3,3,2,1,4,4,2,3
3,280,4,0,3,4,0,0,3,1,4,0,2,4,2,3,1,4,5,1,3
3,280,5,0,1,5,0,0,5,1,5,0,1,5,1,1,1,5,5,1,1
3,280,5,0,1,5,0,0,3,1,5,0,2,5,1,1,1,5,5,1,1
3,281,4,1,1,4,0,0,3,1,3,1,1,4,1,1,1,2,4,4,3
3,281,5,1,1,5,0,0,5,1,5,0,3,5,2,2,1,5,5,1,2
3,281,5,0,2,4,0,0,4,1,4,0,3,4,2,2,1,5,5,1,2
3,281,5,-1,1,5,-1,0,5,1,5,0,2,5,1,1,1,5,5,1,2
3,281,5,0,1,5,0,0,5,1,5,0,1,5,1,1,1,5,5,1,1
3,282,6,-1,1,6,-1,-1,5,1,5,-1,1,6,1,1,1,5,5,1,1
3,282,4,0,3,3,0,0,4,1,3,0,2,4,3,3,1,4,5,1,2
3,282,4,0,2,4,0,0,4,1,3,0,4,3,2,2,1,3,5,1,3
3,282,5,-1,1,5,-1,-1,4,1,5,-1,2,5,3,2,1,5,5,1,2
3,282,4,0,3,3,0,0,3,1,3,1,3,4,4,3,1,4,4,2,3
3,282,4,1,4,3,0,0,3,1,3,0,3,3,4,3,1,4,4,1,3
3,282,5,0,1,5,0,0,4,1,5,0,2,5,1,1,1,5,5,1,1
3,282,4,0,4,4,0,0,3,2,4,0,2,3,3,3,1,4,5,1,3
3,283,4,0,1,4,0,0,4,1,4,0,4,4,2,1,1,3,4,1,3
3,283,4,0,2,4,0,0,4,1,4,0,4,3,1,1,1,3,5,1,4
3,283,5,-1,1,5,0,0,5,1,5,0,2,5,1,1,1,5,5,1,2
3,283,5,0,1,5,0,0,4,1,5,0,4,5,2,1,1,5,5,1,2
3,283,4,0,2,3,0,0,3,1,4,0,5,3,4,2,1,4,4,3,3
3,283,3,-1,2,6,-1,-1,5,1,5,-1,1,6,3,2,1,5,5,1,1
3,283,4,0,2,5,0,0,4,1,4,0,1,3,3,2,1,4,5,1,1
3,283,5,0,2,5,0,0,5,1,5,0,1,5,1,1,1,5,5,1,1
3,284,3,0,1,3,0,0,3,1,3,0,2,3,1,1,1,3,5,1,2
3,284,4,0,2,3,0,0,3,1,4,0,3,3,1,2,1,3,4,1,3
3,284,5,0,1,5,0,0,5,1,5,0,1,5,1,1,1,5,5,1,1
3,284,4,0,3,5,0,0,4,1,5,0,1,5,2,2,1,5,5,1,1
3,284,3,0,3,3,0,0,3,1,4,-1,2,4,3,3,1,4,5,1,2
3,284,5,-1,1,5,0,0,4,1,5,0,1,5,1,1,1,5,5,1,1
3,284,5,-1,1,5,0,-1,4,1,5,-1,1,5,1,1,1,4,5,1,2
3,284,5,-1,1,5,-1,-1,5,1,5,-1,2,5,2,1,1,5,5,1,1
3,285,5,0,1,5,0,0,4,1,5,0,1,5,1,1,1,5,5,1,1
3,285,5,0,1,5,0,0,5,1,5,0,1,5,1,1,1,5,5,1,1
3,285,4,-1,2,5,-1,-1,4,1,5,0,2,5,2,1,1,5,5,1,2
3,285,4,0,3,5,0,0,5,1,5,0,1,5,2,2,1,5,5,1,2
3,285,4,0,3,4,0,0,5,1,4,0,1,3,2,3,1,4,5,1,3
3,285,5,-1,1,6,-1,-1,6,1,6,-1,1,6,1,1,1,5,5,1,1
3,285,4,0,1,5,0,0,4,1,3,0,2,4,3,2,1,4,4,1,2
3,285,5,-1,1,6,-1,-1,5,1,5,-1,1,5,1,1,1,5,5,1,1
3,285,4,0,1,5,0,0,4,1,5,0,1,5,2,1,1,5,5,1,1
3,286,5,0,1,5,0,0,4,1,5,0,1,5,1,1,1,5,5,1,1
3,286,4,0,2,5,0,0,4,1,5,0,1,5,2,2,1,4,5,1,2
3,286,3,0,3,4,0,0,3,1,4,0,1,4,3,3,1,3,4,1,3
3,286,4,2,2,3,2,0,3,2,3,1,3,3,2,3,4,3,3,4,4
3,286,5,0,2,5,0,0,4,1,4,0,2,4,2,2,1,4,5,1,2
3,287,5,0,1,5,0,0,3,1,4,-1,1,1,1,1,2,3,5,1,2
3,287,5,1,1,4,1,0,3,1,4,0,2,3,1,1,3,4,5,1,2
3,287,5,1,1,4,0,0,4,1,3,0,2,4,1,2,2,4,5,2,2
3,287,4,0,3,5,0,0,4,1,4,0,1,5,1,2,1,5,5,1,2
3,287,4,-1,2,6,-1,-1,5,1,5,-1,1,5,2,1,1,5,5,1,1
3,287,5,0,1,5,0,0,4,1,5,0,1,4,1,1,1,5,5,1,2
3,287,5,0,1,5,0,0,6,1,5,0,1,5,1,1,1,5,5,1,1
3,287,5,0,1,5,0,0,4,1,5,0,1,5,1,1,1,5,5,1,1
3,288,5,0,1,5,0,0,5,1,5,0,1,5,1,1,1,5,5,1,1
3,288,5,0,2,5,0,0,5,1,5,0,1,5,1,1,1,5,5,5,1
3,288,4,0,4,4,0,0,4,1,5,0,1,4,3,3,1,4,5,1,2
3,288,5,0,1,5,0,0,4,1,5,0,1,5,1,1,1,5,5,1,1
3,289,5,-1,1,6,-1,-1,5,1,5,-1,1,5,1,1,1,5,5,1,1
3,289,5,0,1,5,0,0,5,1,5,0,1,5,1,1,1,5,5,1,1
3,289,5,0,1,6,0,0,5,1,5,0,2,5,2,1,1,5,5,1,1
3,289,5,0,1,5,0,-1,5,1,5,0,1,5,1,1,1,5,5,1,1
3,289,4,0,3,4,0,0,3,1,4,0,2,4,3,3,1,4,5,2,2
3,289,5,0,1,5,0,0,4,1,5,0,1,1,1,1,1,1,5,1,1
3,289,5,0,2,5,0,0,4,1,5,0,2,5,2,2,1,5,5,5,1
3,290,4,0,2,4,0,0,3,1,4,0,2,3,1,1,1,3,5,1,2
3,290,5,-1,1,6,0,0,5,1,5,0,2,5,2,1,1,5,5,1,1
3,290,5,-1,1,6,-1,-1,5,1,5,-1,1,5,1,1,1,5,5,1,1
3,290,5,0,1,5,0,0,4,1,5,0,1,5,1,1,1,3,5,1,2
3,290,5,0,1,4,0,0,3,1,4,0,1,3,1,1,1,3,5,1,2
3,290,4,0,2,4,0,0,3,1,4,0,3,3,1,1,1,3,5,1,3
3,290,4,0,3,5,0,0,5,1,5,0,2,5,2,3,1,5,5,1,2
3,290,5,0,1,5,0,0,4,1,5,0,1,5,1,1,1,5,5,1,1
3,290,4,0,1,4,0,0,4,1,4,0,1,4,1,2,1,4,5,1,2
3,291,4,0,2,5,0,0,5,1,5,0,2,4,2,1,2,4,5,1,3
3,291,4,1,2,3,0,0,3,1,3,0,4,3,2,2,2,3,5,2,3
3,291,3,0,3,3,0,0,3,1,3,1,4,3,3,3,2,4,4,1,3
3,291,4,1,3,2,0,0,3,1,3,1,4,3,4,3,2,3,4,2,3
3,291,3,1,2,4,0,0,4,1,3,1,4,3,2,3,2,5,4,2,3
3,291,3,0,4,3,0,0,3,1,3,0,4,3,4,4,1,4,4,1,4
3,291,4,0,1,4,0,0,3,1,3,0,3,4,2,2,1,4,5,1,2
3,291,5,0,1,5,0,0,4,1,4,0,3,4,1,1,1,5,5,1,2
3,291,5,0,2,5,0,0,5,1,4,0,2,4,2,2,1,4,5,1,1
3,292,5,-1,1,5,-1,-1,4,1,5,-1,1,5,1,1,1,5,5,1,1
3,292,5,0,1,5,0,0,5,1,5,0,1,5,1,1,1,5,5,1,1
3,292,5,0,2,4,0,0,4,1,4,0,3,4,1,1,1,5,5,1,2
3,292,4,0,5,5,0,0,5,1,3,-2,4,3,3,3,1,3,4,1,3
3,292,3,1,4,2,0,0,3,1,3,1,5,3,3,3,1,3,4,2,3
3,292,4,0,2,3,0,0,4,1,4,0,4,4,2,1,1,4,5,2,3
3,292,3,0,5,4,0,0,4,1,4,0,1,3,4,5,1,4,5,1,2
3,293,4,1,1,3,0,0,3,1,4,0,2,3,2,1,1,4,4,1,2
3,293,4,1,2,3,0,0,3,1,4,0,2,3,1,3,2,3,4,1,3
3,293,4,0,1,3,0,0,4,1,4,0,2,4,2,2,1,4,4,1,2
3,293,4,1,1,3,0,0,3,1,3,0,1,2,1,1,1,3,5,1,1
3,293,4,0,1,5,0,0,4,1,4,0,1,4,1,1,1,5,5,1,1
3,293,4,1,1,3,0,0,3,1,4,0,3,3,1,1,1,3,4,1,3
3,293,4,0,1,5,0,0,4,1,4,0,1,4,1,1,1,4,4,1,1
3,293,5,0,1,5,0,0,5,1,5,0,1,5,1,1,1,5,5,1,1
3,294,4,1,1,3,0,0,3,1,4,0,2,3,2,2,3,3,4,2,3
3,294,5,0,1,6,0,0,5,1,5,0,1,5,1,1,1,5,5,1,1
3,294,5,0,1,5,0,0,4,1,5,0,1,4,1,1,1,4,5,1,1
3,295,4,0,1,5,0,0,4,4,4,0,1,4,1,1,1,3,5,1,1
3,295,5,0,1,5,0,0,5,1,5,0,1,6,1,1,1,5,5,1,1
3,295,4,0,1,6,0,0,5,1,5,0,1,5,2,1,1,5,5,1,1
3,295,4,0,2,4,0,0,4,1,5,0,1,5,2,2,1,5,5,1,1
3,295,5,-2,1,6,0,0,6,1,5,0,1,6,1,1,1,5,6,1,1
3,295,4,0,2,5,0,0,5,1,5,0,2,5,2,1,1,5,5,1,1
3,295,5,0,2,4,0,0,3,1,4,0,2,4,1,2,1,4,4,1,2
3,296,5,-1,1,5,0,0,5,1,5,0,2,5,2,1,1,5,5,1,1
3,296,4,0,2,4,0,0,4,1,4,0,2,4,2,2,1,4,4,1,3
3,296,4,1,2,3,0,0,3,1,4,0,3,3,1,1,1,3,4,1,3
3,296,3,0,3,3,0,0,3,1,3,0,2,3,3,3,1,4,4,1,3
3,296,3,0,2,5,0,0,4,1,5,0,1,5,2,2,1,5,5,1,1
3,296,3,0,4,4,0,0,3,1,4,1,1,5,3,3,1,5,4,1,3
3,296,5,-1,1,6,-1,-1,6,1,5,-1,1,5,1,1,1,5,5,1,1
3,296,5,0,4,6,0,0,5,1,5,0,1,5,1,1,1,5,5,1,1
3,296,5,0,2,5,0,0,4,1,4,0,1,4,1,2,1,5,5,1,1
3,296,4,0,3,4,0,0,4,1,4,0,1,4,3,3,1,5,5,1,2
3,297,5,0,1,5,0,0,5,1,5,0,2,4,1,1,1,3,5,1,3
3,297,5,0,2,4,0,0,4,1,4,0,2,4,1,2,1,4,5,1,2
3,297,4,0,2,3,0,0,4,1,4,0,2,3,2,2,1,4,4,1,3
3,297,5,0,2,5,0,0,5,1,5,0,2,5,1,1,1,5,5,1,1
3,297,5,-1,1,5,-1,-1,6,1,5,-1,1,5,1,1,1,5,5,1,1
3,297,4,0,3,5,0,0,4,1,4,0,1,4,1,2,1,5,5,1,1
3,298,3,0,2,4,0,0,3,1,3,0,2,3,1,2,1,3,4,1,3
3,298,5,0,1,5,0,0,4,1,5,0,1,5,1,1,1,5,5,1,1
3,298,4,0,4,3,0,0,3,1,4,0,3,3,3,3,1,4,4,2,3
3,298,5,1,2,3,0,0,3,1,4,-2,4,3,2,2,1,3,5,2,2
3,298,3,0,3,3,0,0,3,1,4,1,4,4,3,3,1,4,4,2,3
3,298,4,0,3,4,0,0,4,1,4,0,3,4,3,3,1,4,5,1,2
3,299,4,0,4,3,0,0,3,1,3,0,3,3,3,4,1,4,4,2,3
3,299,4,0,2,5,-1,0,5,1,5,0,2,5,3,3,1,4,5,1,2
3,299,4,0,2,5,0,0,4,1,4,0,2,4,1,2,1,5,5,1,2
3,299,4,0,2,4,0,0,3,1,3,0,2,3,2,2,1,4,4,1,2
3,300,5,0,1,5,0,0,4,1,4,0,2,4,1,1,1,4,5,1,1
3,300,4,0,1,4,0,0,4,1,4,0,2,4,1,2,1,4,5,1,2
3,300,4,1,2,4,0,0,3,1,3,0,4,3,2,2,1,4,4,2,3
3,300,4,0,4,3,0,0,3,1,3,0,2,3,4,4,1,4,4,1,3
3,300,3,0,4,4,0,0,4,1,3,0,3,4,4,4,1,4,4,1,3
3,301,5,0,1,5,0,0,4,1,5,0,1,5,1,1,1,1,5,1,2
3,301,4,0,2,4,0,0,3,1,4,0,2,3,2,2,2,4,4,1,3
3,301,4,0,3,4,0,0,4,1,3,0,3,3,3,3,1,4,5,1,3
3,301,3,0,5,3,0,0,3,2,3,2,4,4,4,4,1,4,4,2,4
3,301,2,0,5,3,-1,0,3,1,3,1,5,3,5,5,1,3,4,2,5
3,301,3,0,4,3,0,0,3,1,4,0,4,3,4,4,1,4,4,1,3
3,301,5,-1,1,6,-1,-1,6,1,6,-1,1,5,1,1,1,5,5,1,1
3,302,5,0,4,1,0,0,4,1,4,0,1,5,4,1,1,5,5,1,1
3,302,4,2,1,3,2,0,3,3,3,0,3,3,1,2,5,3,3,3,5
3,302,5,1,4,5,0,0,4,1,4,0,1,4,1,1,2,5,5,1,2
3,302,4,0,2,4,0,0,4,4,3,0,3,3,3,2,1,4,4,1,3
3,302,4,0,2,5,0,0,4,1,4,0,1,4,1,3,1,5,5,1,1
3,302,4,0,2,4,0,0,4,1,4,0,3,3,2,2,1,4,4,1,3
3,303,5,0,1,5,0,0,5,1,5,0,1,5,1,1,1,5,5,1,1
3,303,4,0,1,5,-1,-1,4,1,5,-1,1,5,1,1,1,5,5,1,1
3,303,2,0,5,2,0,0,3,1,3,0,1,3,3,3,1,3,4,2,4
3,303,3,-1,5,2,0,-1,3,1,3,-1,2,4,5,6,1,4,4,1,4
3,303,4,0,2,4,0,0,4,1,3,0,2,3,4,3,1,4,4,1,2
3,303,4,0,3,3,0,0,3,1,3,0,2,3,3,2,1,3,4,2,3
3,304,5,0,2,5,0,0,4,1,4,0,1,5,1,1,1,5,5,1,1
3,304,5,0,1,5,0,0,4,1,4,0,2,5,1,1,1,5,5,1,1
3,304,3,0,5,5,0,0,4,1,4,0,1,4,3,3,1,5,4,1,2
3,304,3,0,4,4,0,0,3,1,4,0,1,4,4,3,1,5,5,1,3
3,304,4,0,3,4,0,0,3,1,4,0,2,3,2,2,1,4,5,1,3
3,304,4,0,2,5,0,0,4,1,4,0,2,4,1,2,1,4,5,1,2
3,304,4,0,1,4,0,0,3,1,4,0,2,3,3,2,1,4,4,1,3
3,304,4,0,2,5,0,0,4,1,5,0,3,5,1,2,1,5,5,1,2
3,305,4,0,2,5,0,0,4,1,4,0,3,4,2,2,1,4,4,1,3
3,305,3,0,5,4,0,0,3,1,3,0,2,3,3,4,1,4,5,1,3
3,305,4,-1,3,5,-1,-1,5,1,5,-1,1,5,2,2,1,5,5,1,1
3,305,4,0,3,4,0,0,4,1,4,0,2,4,3,3,1,4,4,1,2
3,305,5,0,2,5,0,0,4,1,5,0,1,5,1,2,1,5,5,1,1
3,305,4,0,4,5,0,0,4,1,4,0,2,5,2,4,1,5,5,1,1
3,306,5,1,1,5,0,0,3,1,4,0,2,4,1,1,2,5,5,1,1
3,306,5,0,1,5,0,0,5,1,5,0,1,5,1,1,1,5,5,1,1
3,306,5,-1,1,5,-1,-1,5,1,5,-1,1,5,1,1,1,5,5,1,1
3,306,4,0,3,5,0,0,4,1,4,0,2,5,3,2,1,5,5,1,1
3,306,5,0,2,5,0,0,5,1,5,0,1,5,2,2,1,5,5,1,1
3,306,5,0,4,5,0,0,5,1,5,0,1,5,1,1,1,5,5,1,1
3,306,4,0,2,5,0,0,3,1,4,0,1,3,2,2,1,4,5,1,2
3,306,5,0,1,5,0,0,3,1,4,0,2,3,2,1,1,4,5,1,1
3,307,5,-1,1,5,-1,-1,5,1,5,0,2,5,2,1,1,5,5,1,1
3,307,5,0,1,4,0,0,4,1,4,1,2,4,2,2,1,5,5,1,1
3,307,3,-1,3,4,-1,-1,3,1,4,-1,2,3,3,3,1,5,5,1,3
3,307,4,0,2,4,0,0,3,1,4,0,2,3,2,2,1,4,5,1,2
3,307,4,-1,2,5,0,0,4,1,5,0,1,5,2,1,1,5,5,1,1
3,307,4,0,3,5,0,0,4,1,5,0,2,4,1,1,1,5,5,1,1
3,307,4,-1,4,5,-1,-1,4,1,5,-1,1,5,2,2,1,5,5,1,1
3,308,5,0,1,5,-3,-3,4,1,5,0,1,5,1,1,1,5,5,1,1
3,308,5,0,2,5,0,0,5,1,5,0,2,5,1,1,1,5,5,1,1
3,308,3,0,5,4,0,0,3,1,3,0,1,3,3,3,1,5,5,1,3
3,308,4,0,2,5,0,0,4,1,4,0,2,4,2,2,1,5,5,1,2
3,308,4,0,3,4,0,0,4,1,3,0,2,4,3,4,1,3,4,1,2
3,308,4,-1,2,5,-1,-1,4,1,4,-1,2,4,2,2,1,4,5,1,2
3,309,5,0,1,5,0,0,4,1,4,0,1,4,1,1,2,3,5,2,2
3,309,4,2,1,4,1,0,3,2,4,0,2,3,1,2,4,5,5,1,1
3,309,5,0,1,6,0,0,5,1,5,0,1,5,1,1,1,5,5,1,1
3,309,5,0,3,5,0,0,4,1,5,0,1,5,2,2,1,5,5,1,1
3,309,3,0,5,4,0,0,3,1,3,0,2,3,3,5,1,4,5,1,2
3,309,5,0,3,4,0,0,3,1,4,0,1,3,2,4,1,4,5,1,2
3,309,4,0,3,4,0,0,3,1,4,0,1,4,2,3,1,4,4,1,1
3,310,4,0,2,4,0,0,3,2,4,0,3,5,1,2,1,5,5,1,2
3,310,5,0,1,5,0,0,5,1,5,0,1,5,1,1,1,5,5,1,1
3,310,4,0,3,5,0,0,4,1,4,0,2,4,2,2,1,4,5,1,2
3,310,5,0,2,5,0,0,4,1,4,0,2,4,1,2,1,4,4,1,2
3,310,5,0,2,5,0,0,4,1,5,0,1,5,1,1,1,5,5,1,1
3,310,5,0,1,5,0,0,6,1,1,0,1,5,1,1,1,5,5,1,1
3,311,6,0,1,5,0,0,5,1,5,0,1,5,1,1,1,5,5,1,1
3,311,4,0,2,5,0,0,4,1,4,0,1,4,2,2,1,5,5,1,1
3,311,4,0,2,4,0,0,3,1,4,0,2,3,1,3,1,4,5,1,2
3,311,3,0,5,3,0,0,3,1,3,0,1,4,3,4,1,4,4,1,3
3,311,3,0,4,4,0,0,3,1,4,0,1,4,3,4,1,5,5,1,3
3,311,4,0,3,4,0,0,3,1,4,0,2,4,2,2,1,4,5,1,2
3,311,4,0,1,4,0,0,4,1,4,0,2,4,1,2,1,4,5,1,2
3,312,5,0,1,5,0,0,5,1,5,0,1,5,1,1,1,5,5,1,2
3,312,5,0,1,5,0,0,6,1,5,0,1,5,1,1,1,5,5,1,1
3,312,5,0,2,5,0,0,4,1,4,0,3,4,2,2,1,4,5,1,2
3,312,4,0,2,4,0,0,4,1,4,0,3,3,1,2,1,3,5,1,2
3,312,4,0,2,4,0,0,4,1,4,0,2,4,2,2,1,5,5,1,2
3,312,5,0,2,5,0,0,4,1,5,0,1,5,2,2,1,5,5,1,1
3,313,4,0,4,5,0,0,4,1,5,0,1,5,2,3,1,5,5,1,1
3,313,4,0,4,4,0,0,3,1,4,0,1,4,2,4,1,5,5,1,2
3,313,3,0,5,3,0,0,4,1,3,0,2,4,4,4,1,5,5,1,3
3,313,4,0,2,3,0,0,3,1,3,0,4,3,3,4,1,4,4,2,4
3,313,4,1,2,3,0,0,3,1,4,2,4,3,2,3,1,4,4,2,3
3,314,5,1,1,5,0,0,5,1,5,0,1,4,1,1,2,5,5,1,2
3,314,5,1,1,5,0,0,4,1,5,0,4,3,2,1,2,5,5,1,3
3,314,5,0,2,5,0,0,5,1,5,0,4,5,2,2,2,5,5,1,3
3,314,4,1,2,3,0,0,3,1,3,1,4,3,3,4,2,4,4,2,3
3,314,3,1,3,2,0,0,3,1,3,1,4,3,4,4,2,3,4,2,4
3,314,3,1,4,3,0,0,3,1,3,1,3,3,4,4,1,3,4,1,4
3,314,2,2,5,2,0,0,3,2,3,2,5,3,5,5,2,3,3,2,4
3,315,3,3,2,2,1,0,2,3,2,1,3,2,2,3,5,3,3,4,5
3,315,4,2,2,3,1,0,3,2,3,1,3,3,2,2,4,3,4,3,4
3,315,4,1,3,3,0,0,3,2,4,0,3,3,2,3,2,4,4,2,3
3,315,3,1,5,2,0,0,2,3,3,0,3,2,4,4,2,4,3,3,3
3,315,2,1,5,2,0,0,2,3,3,1,3,2,4,5,2,3,4,2,4
3,315,3,1,3,3,0,0,3,2,3,1,3,3,4,3,3,4,4,2,3
3,315,4,0,1,4,0,0,3,1,3,0,2,4,2,2,2,4,4,1,2
3,315,4,0,2,3,0,0,3,1,3,0,3,3,3,3,2,4,4,1,3
3,315,4,0,2,4,0,0,4,1,4,0,3,3,3,2,1,4,4,1,2
3,316,5,1,1,4,0,0,3,2,4,0,2,4,2,2,2,4,4,2,3
3,316,5,1,1,4,0,0,5,1,5,0,1,4,1,1,2,4,5,1,1
3,316,5,1,1,4,0,0,4,1,4,0,2,3,2,1,1,4,5,2,3
3,316,5,0,2,5,0,0,4,1,4,0,3,4,2,2,2,4,5,1,3
3,316,5,0,1,4,0,0,3,1,5,0,1,5,2,1,1,5,5,1,1
3,316,5,0,2,5,0,0,5,1,4,0,1,4,2,2,1,4,5,1,2
3,317,4,0,3,3,1,0,3,2,3,0,3,3,3,2,1,4,4,2,3
3,317,4,0,1,5,0,0,4,1,5,0,1,4,2,1,1,5,5,1,2
3,317,4,1,2,4,0,0,4,2,4,0,2,4,2,2,2,4,5,1,2
3,317,4,1,2,3,0,0,3,2,4,1,2,4,2,2,1,4,5,1,2
3,317,3,1,5,2,0,0,2,2,3,1,3,3,4,5,1,4,3,2,5
3,317,4,1,3,4,0,0,3,1,3,1,2,3,4,3,1,4,4,1,2
3,317,4,0,4,2,0,0,2,2,3,0,2,3,4,4,1,4,4,1,3
3,317,3,1,5,2,0,0,3,1,3,0,3,2,5,5,1,3,4,1,2
3,318,4,1,2,3,0,0,3,1,4,0,2,4,2,2,1,4,4,1,3
3,318,4,1,2,4,0,0,3,1,3,0,3,3,2,3,1,4,4,1,2
3,318,2,0,7,2,0,0,3,2,2,0,2,3,5,5,1,4,4,1,3
3,318,4,0,1,4,0,0,3,2,4,0,2,4,3,3,1,4,5,1,3
3,318,4,0,3,4,0,0,4,2,4,0,2,4,3,3,1,4,5,1,3
3,318,4,0,2,5,0,0,4,1,4,0,1,3,2,2,1,4,4,1,2
3,318,4,0,3,4,0,0,4,1,4,0,2,4,3,3,1,4,5,1,2
3,319,4,0,2,5,0,0,4,1,5,0,2,4,2,1,1,5,5,1,1
3,319,4,-1,1,4,-1,-1,4,1,4,-1,2,3,2,2,1,4,5,1,3
3,319,2,0,6,2,0,0,3,2,4,0,2,3,4,4,1,4,5,1,3
3,319,3,0,5,3,0,0,3,1,3,0,1,3,4,3,1,3,4,1,3
3,319,4,0,1,4,0,0,4,1,3,0,2,4,2,2,1,4,5,1,2
3,320,4,0,2,4,0,0,3,1,4,0,1,4,2,2,1,4,5,1,2
3,320,4,-1,1,5,0,0,5,1,4,0,2,4,2,2,1,4,5,1,1
3,320,4,0,4,4,0,0,3,1,4,0,2,4,3,3,1,4,5,1,2
3,320,3,0,4,5,0,0,4,1,5,0,2,5,3,3,1,4,5,1,2
3,320,4,0,1,4,0,0,4,1,4,0,1,5,1,2,1,5,5,1,1
3,320,4,-1,1,5,-1,-1,5,1,5,0,1,5,1,1,1,5,5,1,1
3,321,5,-1,1,5,0,0,5,1,5,0,1,5,1,1,1,5,5,1,1
3,321,5,0,1,5,0,0,4,1,5,0,1,4,1,1,1,5,5,1,1
3,321,4,0,3,5,0,0,4,1,4,0,2,3,3,3,1,4,5,1,3
3,321,5,0,2,5,0,0,4,1,5,0,1,4,2,2,1,4,5,1,3
3,321,5,0,1,5,0,0,5,1,5,0,1,5,1,1,1,5,5,1,1
3,322,5,-1,1,6,0,0,4,1,5,0,1,5,1,1,1,4,5,1,1
3,322,4,0,2,5,0,0,4,1,4,0,1,4,2,2,1,4,5,1,2
3,322,4,0,1,4,0,0,4,1,5,0,2,3,2,2,1,4,5,1,2
3,322,5,-1,1,6,-1,-1,5,1,5,-1,1,5,1,1,1,5,5,1,1
3,322,4,0,3,5,0,0,4,1,4,0,1,4,2,3,1,5,5,1,2
3,323,5,0,2,4,0,0,4,1,4,0,4,3,1,2,1,3,5,5,2
3,323,5,0,1,5,0,0,5,1,5,0,1,5,1,1,1,5,5,1,1
3,323,4,0,2,5,0,0,5,1,5,0,2,5,3,3,1,5,5,1,2
3,323,5,-1,1,5,-1,-1,6,1,5,-1,1,5,1,1,1,5,5,1,1
3,323,5,0,2,5,0,0,5,1,5,0,1,5,1,1,1,5,5,1,1
3,323,5,0,2,5,0,0,4,1,5,0,2,5,2,1,1,5,5,1,1
4,324,4,0,4,4,0,0,4,1,4,0,1,4,2,3,1,5,5,1,2
4,324,5,-1,2,5,0,0,5,1,5,0,2,5,2,2,1,5,5,1,2
4,324,4,0,4,3,0,0,3,1,4,0,3,3,3,3,1,4,5,1,3
4,324,5,0,2,4,0,0,4,1,4,0,2,4,3,2,1,4,5,1,2
4,324,4,0,2,4,0,0,3,1,3,0,3,3,2,2,1,4,5,1,3
4,324,5,0,1,5,0,0,5,1,5,0,1,5,2,1,1,5,5,1,2
4,325,3,0,4,3,0,0,3,1,3,0,2,3,4,4,1,4,5,1,3
4,325,4,0,2,3,0,0,3,1,4,0,3,3,2,2,1,3,4,1,3
4,325,4,0,3,4,0,0,3,1,4,0,2,3,3,3,1,4,5,1,3
4,325,4,0,2,4,0,0,3,1,3,0,3,3,3,3,1,4,5,1,2
4,325,3,1,4,3,0,0,3,1,3,0,3,3,3,4,1,3,4,1,4
4,325,4,0,1,3,0,0,3,1,3,0,4,3,2,2,1,4,4,1,3
4,326,3,1,3,3,0,0,3,3,3,0,2,3,2,3,3,4,5,3,3
4,326,3,0,3,3,0,0,3,1,3,1,3,3,3,4,2,4,5,2,4
4,326,4,1,2,3,0,0,3,1,3,0,3,3,3,3,2,4,4,1,3
4,326,2,0,5,4,0,0,3,1,3,0,3,3,5,5,1,4,4,1,3
4,326,4,1,3,4,0,0,3,1,3,1,3,3,3,3,2,4,4,2,3
4,326,3,0,4,4,0,0,3,1,4,0,2,4,3,3,1,4,4,1,3
4,327,4,0,2,5,0,0,4,1,4,0,3,4,2,2,1,4,5,1,3
4,327,4,0,2,4,0,0,4,1,4,0,3,4,3,2,1,3,5,1,3
4,327,4,0,3,3,0,0,3,1,4,0,4,3,3,3,1,4,4,1,2
4,327,5,0,3,4,0,0,3,1,3,0,4,3,4,3,1,3,4,1,4
4,327,4,1,2,3,1,0,3,2,3,1,4,2,3,3,3,2,3,3,4
4,327,5,0,1,5,0,0,5,1,5,0,1,4,2,2,1,5,5,1,1
4,327,5,-1,1,5,0,0,4,1,4,0,2,4,1,2,1,5,5,1,1
4,328,5,0,1,5,0,0,5,1,5,0,1,4,1,1,1,5,5,1,1
4,328,5,-1,2,5,0,0,5,1,4,0,2,5,2,2,1,5,5,1,2
4,328,4,0,3,5,0,0,4,1,4,0,2,4,3,3,1,4,4,1,3
4,328,4,0,3,3,0,0,4,1,4,0,3,3,4,3,1,4,4,1,3
4,328,5,0,1,5,0,0,5,1,5,0,1,4,1,1,1,4,5,1,1
4,328,4,0,2,4,0,0,4,1,4,0,1,3,2,2,1,4,5,1,2
4,328,3,0,3,3,0,0,4,1,4,0,1,4,4,2,1,4,5,1,2
4,329,5,0,1,5,0,0,4,1,5,0,1,4,2,1,1,5,5,1,1
4,329,5,0,1,5,0,0,5,1,5,0,1,5,2,2,1,5,5,1,1
4,329,4,0,2,4,0,0,4,1,5,0,1,4,2,2,1,5,5,1,1
4,329,4,0,3,4,0,0,3,1,4,0,2,4,3,3,1,3,5,1,3
4,329,5,0,2,5,0,0,4,1,5,0,2,4,2,2,1,5,5,1,2
4,329,5,0,1,5,0,0,5,1,5,1,1,4,1,1,1,5,5,1,1
4,330,3,1,2,3,0,0,3,1,3,0,2,3,2,2,2,3,4,2,2
4,330,4,1,3,4,0,0,3,1,4,0,2,3,3,3,2,4,5,1,3
4,330,4,0,2,5,0,0,4,1,4,0,2,4,2,2,1,4,5,1,3
4,330,5,-1,1,5,0,0,5,1,5,0,1,5,1,1,1,5,5,1,1
4,330,5,0,2,5,0,0,4,1,5,0,2,5,2,1,1,5,5,1,2
4,330,5,0,2,5,0,0,4,1,4,0,2,4,1,2,1,5,5,1,1
4,331,4,0,2,5,0,0,4,1,4,0,1,5,1,2,1,5,5,1,2
4,331,5,0,2,5,0,0,5,1,5,0,1,5,1,1,1,5,5,1,1
4,331,5,-1,2,5,0,0,5,1,5,0,1,5,1,1,1,5,5,1,1
4,331,4,-1,2,6,-1,-1,6,1,5,-1,1,6,3,1,1,5,5,1,1
4,331,4,-1,2,6,-1,-1,5,2,5,-1,1,5,3,2,1,5,5,1,1
4,331,4,-1,2,6,-1,-1,5,2,5,-1,1,5,3,2,1,5,5,1,1
4,331,4,-1,4,5,-1,-1,5,1,5,-1,1,5,3,4,1,5,5,1,1
4,332,5,0,1,5,0,0,4,1,5,0,1,5,2,1,1,5,5,1,1
4,332,4,0,1,5,0,0,4,1,5,0,1,5,1,1,1,5,5,1,1
4,332,3,0,3,3,0,0,4,1,3,0,2,3,3,3,1,4,5,1,3
4,332,4,0,4,5,0,0,4,1,5,0,1,5,3,4,1,4,5,1,3
4,332,3,0,5,4,0,0,4,1,4,0,1,4,4,4,1,4,5,1,3
4,333,4,0,2,5,0,0,4,1,4,0,1,4,2,2,1,3,4,1,1
4,333,4,0,3,5,0,0,5,1,4,0,2,3,3,3,1,4,5,1,3
4,333,3,-1,5,4,-1,-1,3,1,3,-1,2,4,4,5,1,4,5,1,3
4,333,4,-1,2,4,-1,-1,5,1,5,-1,3,4,4,2,1,5,5,1,1
4,334,3,0,5,3,0,0,3,2,4,0,1,4,4,4,1,4,5,1,3
4,334,4,-1,4,4,-1,-1,3,1,4,-1,1,4,2,4,1,5,5,1,3
4,334,3,-1,5,4,-1,-1,3,2,3,-1,2,3,3,5,1,4,5,1,3
4,334,4,1,3,3,1,0,3,2,3,0,2,3,2,3,1,4,4,2,2
4,335,4,-1,4,4,-1,-1,3,1,4,-1,1,4,4,3,1,5,5,1,3
4,335,4,-1,4,4,-1,-1,3,2,4,-1,1,4,2,4,1,5,5,1,2
4,335,4,0,2,4,0,0,4,1,4,0,2,4,3,3,1,4,5,1,2
4,335,3,-1,4,4,-1,-1,4,2,4,-1,1,4,2,3,1,5,5,1,2
4,335,4,0,2,4,0,0,4,1,4,0,2,4,3,2,1,4,5,1,3
4,335,4,0,2,5,0,0,4,1,4,0,2,4,2,2,1,4,5,1,2
4,336,5,0,2,5,0,0,4,1,4,0,2,4,1,1,1,5,5,1,1
4,336,4,0,3,3,0,0,3,1,4,0,2,4,3,3,1,4,5,1,2
4,336,4,0,2,4,0,0,4,1,4,0,2,3,2,1,1,4,5,1,3
4,337,4,0,2,5,0,0,4,1,4,0,2,4,2,2,1,5,5,1,2
4,337,4,0,1,4,0,0,4,1,4,0,2,4,2,2,1,5,5,1,2
4,337,4,0,2,5,0,0,4,1,4,0,2,4,2,2,1,4,5,1,3
4,337,4,0,2,3,0,0,3,1,4,0,2,3,1,1,1,4,4,1,2
4,337,4,1,2,3,1,0,3,1,3,0,4,3,2,2,3,3,4,2,3
4,338,5,1,1,3,0,0,3,1,3,0,3,3,3,2,2,4,5,1,3
4,338,3,1,3,3,0,0,3,2,3,0,2,3,3,3,3,4,4,3,3
4,338,4,1,4,3,0,0,4,1,3,0,3,3,4,3,2,4,5,2,2
4,338,2,1,5,2,0,0,3,2,2,0,3,2,4,5,2,3,3,2,4
4,339,5,1,2,5,0,0,4,1,5,0,3,4,2,2,1,5,5,1,2
4,339,4,0,2,5,0,0,4,1,5,0,2,4,1,2,1,5,5,1,1
4,339,4,0,2,5,0,0,4,1,4,0,2,4,2,2,1,4,5,1,2
4,339,4,0,2,5,0,0,4,1,4,0,2,4,2,2,1,5,5,1,2
4,339,1,0,7,2,0,0,2,1,2,1,1,2,5,6,1,3,3,2,4
4,339,5,-1,1,5,0,0,5,1,5,0,1,4,2,1,2,5,5,1,2
4,339,5,0,1,5,0,0,5,1,5,0,1,5,1,1,1,5,5,1,1
4,339,4,1,3,4,0,0,3,1,4,0,2,3,2,2,2,4,5,1,2
4,340,5,0,1,6,0,0,5,1,5,0,1,4,1,1,1,5,5,1,1
4,340,5,0,3,4,0,0,4,2,5,0,3,5,2,2,1,5,5,1,2
4,340,4,0,3,4,0,0,3,2,4,0,2,3,2,2,1,4,5,1,3
4,340,4,1,2,3,0,0,3,2,4,0,2,3,2,2,1,4,4,1,3
4,340,4,0,1,4,0,0,4,1,4,0,1,4,2,2,1,5,5,1,1
4,341,4,0,2,5,0,0,4,1,4,0,3,4,2,2,1,5,5,1,2
4,341,4,0,3,4,0,0,4,1,4,0,2,4,2,2,1,4,4,2,3
4,341,4,0,2,5,0,0,4,1,3,0,3,3,3,2,1,4,5,1,2
4,341,5,0,2,5,0,0,4,1,5,0,3,4,2,1,1,3,5,1,2
4,341,3,0,4,3,0,0,3,1,3,0,4,3,3,3,1,4,4,1,3
4,341,4,1,4,3,0,0,3,1,3,0,2,3,4,4,1,3,5,1,3
4,341,4,0,1,4,0,0,4,1,5,0,2,4,1,2,2,4,5,1,2
4,341,4,0,4,3,0,0,3,1,3,0,4,3,3,3,1,4,4,2,3
4,342,4,2,2,3,0,0,3,2,4,0,3,3,3,3,3,4,4,3,3
4,342,3,1,4,3,1,0,3,2,3,0,2,3,4,4,3,3,4,2,2
4,342,5,1,3,4,0,0,3,2,4,0,4,3,3,2,2,4,5,2,2
4,342,3,1,3,3,1,0,3,2,3,1,4,3,3,3,3,3,4,2,3
4,342,4,1,3,3,1,0,3,2,3,1,4,3,3,3,2,4,3,2,4
4,342,4,1,2,4,0,0,3,2,3,1,3,3,3,3,3,4,4,2,3
4,343,4,3,2,2,1,0,2,2,3,1,4,3,2,3,5,4,3,3,5
4,343,5,1,2,4,0,0,3,1,4,0,3,4,2,2,2,5,5,1,2
4,343,4,1,2,4,0,0,4,2,3,1,5,4,3,3,3,4,5,2,3
4,343,4,0,4,4,0,0,3,1,4,0,2,4,2,2,1,4,5,1,1
4,343,4,0,2,5,0,0,4,1,5,0,2,5,2,1,1,5,5,1,2
4,343,4,0,3,4,0,0,3,1,3,0,2,3,2,3,2,4,5,1,2
4,343,5,0,1,5,0,0,4,1,5,0,1,5,1,1,1,5,5,1,1
4,343,5,0,1,5,0,0,5,1,5,0,1,5,1,1,1,5,5,1,1
4,344,4,0,1,4,0,0,3,1,4,0,1,4,2,1,1,4,5,1,2
4,344,5,0,2,5,0,0,4,1,5,0,1,5,1,2,1,5,5,1,1
4,344,5,0,1,6,0,0,5,1,5,0,1,5,1,1,1,5,5,1,1
4,344,5,0,1,5,0,0,5,1,5,0,2,4,1,1,1,4,5,1,2
4,344,5,0,1,4,0,0,4,1,5,0,1,4,1,1,1,5,5,1,1
4,345,4,0,2,5,0,0,4,1,5,0,2,5,2,2,1,5,5,1,1
4,345,5,-1,2,5,-1,-1,5,1,5,-1,2,5,1,1,1,5,5,1,1
4,345,4,0,3,5,0,0,4,2,5,0,1,4,2,2,1,5,5,1,2
4,345,4,0,3,4,0,0,4,2,4,0,1,4,3,3,1,4,5,1,2
4,345,4,-1,3,5,0,0,4,1,5,0,1,5,2,3,1,5,5,1,1
4,345,5,0,2,5,0,0,4,1,5,0,2,5,3,3,1,5,5,1,2
4,345,3,0,4,4,0,0,4,1,4,0,1,3,4,4,1,4,5,1,2
4,346,5,0,1,5,0,0,5,1,5,0,1,5,1,1,1,5,5,1,1
4,346,4,-1,5,5,0,-1,5,1,5,-1,1,5,3,4,1,5,5,1,1
4,346,3,1,5,3,0,0,3,3,3,0,2,3,6,5,3,4,5,2,4
4,346,4,-1,2,5,-1,-1,5,1,5,-1,1,5,2,2,1,5,5,1,1
4,346,5,0,2,5,0,0,4,1,5,0,1,4,2,2,1,5,5,1,2
4,346,3,0,3,4,0,0,3,1,4,0,1,3,3,3,1,4,5,1,2
4,347,4,0,3,5,0,0,4,1,5,0,1,4,3,3,1,5,5,1,2
4,347,2,-1,5,2,1,0,3,2,3,0,1,3,4,6,2,3,5,1,4
4,347,4,0,1,5,0,0,4,1,4,0,2,4,2,2,1,4,5,1,2
4,347,4,-1,2,5,-1,-1,5,1,5,-1,1,4,3,3,1,5,5,1,2
4,348,5,-1,1,5,-1,-1,5,1,5,-1,1,3,2,1,1,4,5,1,2
4,348,5,-1,3,5,-1,-1,5,1,5,-1,1,3,2,2,1,5,5,1,2
4,348,4,-1,2,6,-1,-1,5,1,5,-1,1,5,3,2,1,5,5,1,2
4,348,4,-1,2,6,-1,-1,5,1,5,-1,1,4,3,2,1,5,5,1,1
4,348,5,0,1,5,0,0,4,1,5,0,1,5,1,1,1,5,5,1,1
4,349,5,0,2,5,0,0,4,1,5,0,2,5,2,2,1,5,5,1,1
4,349,4,0,1,5,0,0,4,1,5,0,3,3,2,1,1,3,5,1,2
4,349,5,0,2,5,0,0,4,1,5,0,2,5,2,1,1,5,5,1,1
4,349,4,-1,3,5,-1,-1,5,1,5,-1,2,5,3,2,1,5,5,1,1
4,349,4,-1,3,5,-1,-1,5,1,5,-1,2,5,3,3,1,5,5,1,1
4,351,5,-1,1,6,-1,-1,5,1,5,-1,1,6,1,1,1,5,5,1,1
4,351,5,-1,2,5,-1,-1,5,1,5,-1,1,5,2,2,1,5,5,1,1
4,352,5,0,1,5,0,0,5,1,5,0,1,5,1,1,1,5,5,1,1
4,352,5,-3,1,5,-3,-3,4,1,5,-3,1,5,1,1,1,5,5,1,1
4,352,4,0,2,4,0,0,4,1,4,0,1,4,1,2,1,5,5,1,2
4,352,4,0,3,5,0,0,4,1,5,0,1,4,1,1,1,5,5,1,1
4,352,4,0,2,5,0,0,4,1,5,0,1,4,2,2,1,5,5,1,1
4,352,4,0,2,5,0,0,4,1,4,0,1,4,2,2,1,5,5,1,1
4,353,4,0,2,4,0,0,4,1,4,0,2,4,2,2,1,5,5,1,2
4,353,4,0,2,5,0,0,4,1,4,0,2,5,2,2,1,5,5,1,1
4,353,4,0,3,5,0,0,4,1,4,0,1,4,2,2,1,5,5,1,2
4,353,4,0,2,4,0,0,4,1,4,0,2,3,2,1,1,3,5,1,2
4,353,3,0,4,4,0,0,4,1,4,0,2,5,3,3,1,5,5,1,2
4,353,5,0,2,5,0,0,4,1,5,0,1,4,2,1,1,5,5,1,2
4,354,5,1,2,5,0,0,4,1,4,0,2,4,2,2,1,4,5,1,2
4,354,4,1,3,3,0,0,3,2,4,0,3,3,3,3,1,4,5,2,2
4,354,3,0,4,3,0,0,3,2,4,0,2,4,3,3,1,4,5,1,2
4,354,4,1,4,3,0,0,3,2,4,0,3,4,2,4,2,4,3,2,2
4,355,4,1,2,4,0,0,3,1,3,0,2,3,2,2,1,4,4,1,2
4,355,3,1,4,3,0,0,3,1,3,0,3,4,3,3,1,4,4,2,2
4,355,4,0,4,4,0,0,4,2,4,0,2,4,3,2,1,4,5,1,2
4,355,4,0,2,5,0,0,5,1,5,0,2,5,2,2,1,5,5,1,1
4,355,4,0,2,5,0,0,4,1,4,0,4,3,3,1,1,4,5,1,2
4,355,5,0,3,5,0,0,5,1,5,0,2,5,1,2,1,5,5,1,1
4,355,5,0,1,6,0,0,5,1,5,0,1,5,1,1,1,5,5,1,1
4,356,5,0,1,5,0,0,5,1,5,0,1,5,1,1,1,5,5,1,1
4,356,4,1,2,4,0,0,4,2,4,0,2,3,2,2,2,4,5,1,2
4,356,4,-1,1,5,-1,-1,6,1,5,-1,1,5,1,1,1,4,5,1,1
4,356,4,-1,2,5,0,0,5,1,4,0,1,5,3,2,1,5,5,1,2
4,356,4,0,2,5,0,0,4,2,5,0,2,4,3,2,1,4,5,1,2
4,357,4,0,1,4,0,0,4,2,4,0,2,4,2,2,2,5,5,1,3
4,357,4,0,2,5,0,0,4,1,5,0,2,4,2,2,1,5,5,1,2
4,357,5,0,1,5,0,0,5,1,5,0,1,5,1,1,1,5,5,1,1
4,357,4,0,2,4,0,0,4,1,5,0,1,5,2,2,1,4,5,1,1
4,358,4,3,1,3,2,0,3,3,3,1,4,3,2,2,4,4,3,3,4
4,358,4,3,1,2,2,0,2,3,2,1,4,2,2,2,5,3,3,3,4
4,358,3,3,2,3,3,0,2,3,1,1,4,3,2,2,6,4,4,4,5
4,358,3,1,5,3,0,0,3,2,4,0,2,4,3,4,1,4,4,1,3
4,358,4,1,3,4,1,0,4,2,4,0,3,4,2,3,2,4,4,1,3
4,359,5,0,2,4,0,0,4,2,5,0,1,5,2,2,2,5,5,1,3
4,359,4,0,2,3,0,0,3,1,4,0,2,4,2,3,1,4,4,1,2
4,359,5,0,1,5,0,0,4,2,5,0,1,5,2,1,1,5,5,1,1
4,359,5,0,2,5,0,0,4,1,4,0,3,4,3,2,1,5,5,1,2
4,359,5,0,1,5,0,0,5,1,5,0,1,5,1,1,1,5,5,1,1
4,359,5,0,1,5,0,0,4,1,5,0,1,5,1,1,1,5,5,1,1
4,360,5,0,1,5,0,0,5,1,5,0,1,5,1,1,1,5,5,1,1
4,360,5,1,2,5,1,0,3,2,4,0,2,4,1,2,3,4,4,2,3
4,360,5,0,1,5,0,0,5,1,5,0,1,5,1,1,2,5,5,1,2
4,360,3,0,6,4,0,0,3,2,4,0,2,4,4,4,1,5,5,1,2
4,360,3,0,5,4,0,0,3,2,4,0,1,4,3,3,1,5,5,1,3
4,360,5,0,1,5,0,0,4,1,4,0,1,4,2,2,2,5,5,1,1
4,361,4,1,2,4,0,0,3,2,3,0,1,3,2,3,3,3,4,3,3
4,361,4,1,1,4,0,0,4,1,4,0,2,3,1,2,2,5,5,2,2
4,361,2,NA,NA,NA,NA,NA,NA,NA,NA,NA,NA,NA,NA,NA,NA,NA,NA,NA,NA
4,361,5,0,2,5,0,0,5,1,5,0,2,5,1,2,1,5,5,1,1
4,361,5,0,1,5,0,0,5,1,5,0,1,5,1,1,1,5,5,1,1
4,362,4,0,2,5,0,0,4,1,4,0,2,4,2,2,1,5,5,1,2
4,362,5,-1,1,5,-1,-1,5,1,5,-1,1,5,1,1,1,5,5,1,1
4,362,4,0,2,5,0,0,4,1,4,0,2,4,2,2,1,5,5,1,1
4,362,4,0,3,4,0,0,3,1,4,0,2,4,2,2,1,4,5,1,2
4,363,4,1,1,4,0,0,3,2,4,0,2,3,2,2,2,4,4,2,2
4,363,5,1,1,4,0,0,4,2,5,0,2,4,2,2,2,5,5,1,2
4,363,5,0,2,5,0,0,4,1,5,0,1,4,1,1,1,5,5,1,1
4,363,3,2,4,3,1,0,3,2,3,1,3,3,3,4,4,4,4,2,3
4,363,4,0,2,5,0,0,5,1,5,0,2,5,2,2,1,5,5,1,2
4,363,3,0,4,5,0,0,4,1,5,0,1,4,3,3,1,5,5,1,2
4,363,4,0,3,3,0,0,3,1,3,0,2,4,3,2,2,4,4,1,2
4,363,5,0,2,5,0,0,5,1,5,0,2,4,1,2,2,5,5,1,1
4,364,5,0,2,5,0,0,5,1,5,0,1,4,2,2,2,5,5,1,1
4,364,3,0,3,5,0,0,4,1,4,0,1,4,2,2,1,5,5,1,1
4,364,4,0,5,3,0,0,4,1,4,0,1,4,2,2,1,4,4,1,3
4,364,3,1,4,3,1,0,3,2,3,0,3,3,3,4,2,4,4,2,2
4,364,4,0,2,4,0,0,4,1,4,0,2,4,2,2,1,4,5,1,2
4,365,3,1,2,3,0,0,3,2,3,1,2,3,2,2,3,3,4,2,2
4,365,3,1,2,3,0,0,3,2,3,1,2,3,2,2,3,3,4,2,2
4,365,3,2,6,3,0,0,3,1,2,0,3,2,3,5,3,3,3,2,3
4,365,3,1,4,3,0,0,3,1,3,0,3,3,3,4,2,3,4,1,2
4,365,3,2,3,2,1,0,2,1,2,1,4,3,2,4,4,3,3,2,3
4,365,4,1,2,4,0,0,3,2,3,0,3,3,2,2,2,4,4,2,2
4,365,4,1,2,4,0,0,3,1,3,0,2,3,2,2,2,4,5,2,2
4,365,3,1,3,3,1,0,3,2,3,1,3,3,3,3,3,3,4,3,3
4,366,3,3,2,2,1,0,2,2,2,1,3,2,3,3,4,3,3,3,3
4,366,4,1,2,4,0,0,3,1,4,0,2,4,2,2,2,4,5,1,2
4,366,5,0,1,5,0,0,4,1,5,0,1,4,2,1,1,5,5,1,1
4,366,4,1,2,4,0,0,3,1,4,0,3,2,2,2,2,4,4,2,2
4,366,4,1,3,3,0,0,4,1,3,0,2,3,3,3,2,4,4,1,1
4,366,4,1,2,4,0,0,4,1,4,0,2,4,2,2,1,4,4,1,2
4,366,4,1,2,3,1,0,3,2,3,1,2,3,3,2,2,4,4,2,2
4,1,4,2,2,3,1,0,3,2,3,0,3,3,2,3,4,4,4,2,3
4,1,4,1,1,4,1,0,5,2,3,1,3,3,2,1,3,5,5,1,3
4,1,4,2,2,4,1,0,3,2,3,0,3,2,2,2,3,4,4,2,3
4,1,4,1,2,3,0,0,3,1,3,0,3,3,2,2,2,3,3,2,3
4,2,5,1,3,4,0,0,3,1,4,0,3,4,2,2,1,4,5,1,2
4,2,4,1,2,3,0,0,3,1,3,0,3,3,2,2,2,4,4,1,2
4,2,3,0,3,4,0,0,4,1,3,0,2,4,2,2,1,4,4,1,3
4,2,3,0,5,3,0,0,3,1,3,0,1,4,4,3,1,4,5,1,2
4,3,5,0,1,5,0,0,4,1,5,0,2,4,1,1,1,5,5,1,1
4,3,4,0,2,4,0,0,4,1,4,0,2,4,1,2,1,5,5,1,2
4,3,4,0,2,4,0,0,4,2,3,0,3,4,2,2,2,5,5,1,2
4,3,4,0,2,5,0,0,4,1,4,0,1,5,2,2,1,5,5,1,1
4,3,4,0,2,5,0,0,4,1,4,0,1,4,1,2,1,5,5,1,1
4,3,4,0,2,4,0,0,4,1,4,0,2,5,2,2,1,5,5,1,2
4,3,4,0,3,5,0,0,4,1,4,0,1,5,1,2,1,5,5,1,1
4,4,4,1,2,4,0,0,3,2,3,0,3,3,2,2,2,4,4,1,2
4,4,3,0,5,2,0,0,2,2,4,0,2,3,3,3,1,4,4,1,3
4,4,3,1,3,3,0,0,3,1,3,0,3,3,3,3,2,4,4,2,3
4,4,4,0,3,3,0,0,3,1,3,0,2,3,3,4,1,4,4,1,3
4,5,4,0,2,5,0,0,4,1,5,0,1,5,3,2,1,5,5,1,2
4,5,5,-1,1,6,-1,-1,6,1,6,-1,1,5,1,1,1,5,5,1,1
4,5,5,-1,1,6,-1,-1,6,1,5,-1,1,5,1,1,1,5,5,1,1
4,6,5,0,1,5,0,0,4,1,5,0,1,4,1,1,1,4,5,1,2
4,6,4,0,3,4,0,0,3,1,5,0,2,5,2,2,1,5,5,1,1
4,6,4,0,2,4,0,0,4,1,4,0,2,4,2,3,1,5,5,1,2
4,6,3,0,3,3,0,0,3,1,4,0,2,3,3,3,1,3,4,1,3
4,7,4,1,1,2,0,0,3,1,3,0,3,3,2,2,3,4,4,2,3
4,7,3,1,4,3,0,0,3,2,4,0,3,4,3,3,2,4,4,1,3
4,7,5,0,1,5,0,0,4,1,5,0,1,5,1,2,1,5,5,1,1
4,7,4,0,3,4,0,0,4,1,4,0,2,4,2,2,1,5,5,1,2
4,7,4,0,3,4,0,0,4,1,4,0,2,3,3,3,1,4,5,1,3
4,7,5,0,1,5,0,0,5,1,5,0,2,4,2,1,1,5,5,1,2
4,7,4,0,4,5,0,0,4,2,5,0,1,4,2,3,1,5,5,1,2
4,8,5,0,2,5,0,0,4,1,5,0,1,5,1,2,1,5,5,1,1
4,8,4,0,3,5,0,0,4,1,4,0,2,4,3,2,1,5,5,1,2
4,8,5,-1,1,6,-1,-1,6,1,6,-1,1,6,2,1,1,5,5,1,1
4,8,4,0,2,4,0,0,4,2,4,0,3,4,2,2,1,5,5,1,2
4,8,4,0,3,5,0,0,5,1,5,0,2,5,3,2,1,5,5,1,2
4,8,4,0,3,5,0,0,5,1,5,0,1,5,2,2,1,4,5,1,1
4,9,4,0,3,5,0,0,4,2,4,0,3,4,2,3,1,4,5,2,2
4,9,4,0,4,3,0,0,3,1,4,0,3,4,3,3,1,4,4,1,3
4,9,3,1,5,3,0,0,3,2,3,1,3,3,4,5,2,4,4,2,3
4,9,4,1,2,3,0,0,4,2,4,0,4,4,3,2,2,5,5,2,2
4,9,4,-1,2,6,-1,-1,4,1,5,-1,2,5,3,2,1,4,5,1,1
4,9,4,0,2,4,0,0,4,1,4,0,2,3,2,2,1,4,5,1,2
4,9,4,0,5,5,0,0,5,1,3,0,2,4,4,4,1,4,5,1,2
4,9,4,0,1,5,0,0,4,1,5,0,1,4,2,1,1,4,5,1,1
4,10,4,0,2,5,0,0,4,1,5,0,2,5,1,2,1,5,5,1,1
4,10,4,0,2,4,0,0,3,1,4,0,2,3,2,2,1,4,5,1,2
4,10,5,0,2,5,0,0,5,1,5,0,2,4,2,2,1,5,5,1,2
4,10,4,0,2,5,0,0,4,1,5,0,2,4,2,1,1,5,5,1,2
4,10,4,0,2,5,0,0,4,1,5,0,3,4,2,2,1,4,5,1,2
4,10,5,0,1,5,0,0,5,1,5,0,1,6,1,1,1,5,5,1,1
4,10,3,0,4,3,0,0,3,1,3,0,3,3,3,3,1,4,5,1,3
4,10,4,0,5,4,0,0,4,2,4,0,2,4,3,3,1,5,5,1,1
4,11,5,0,2,5,0,0,5,1,5,0,1,5,1,1,1,5,5,1,1
4,11,3,0,3,3,0,0,3,1,3,0,3,3,3,3,1,4,4,1,3
4,11,5,0,2,5,0,0,5,1,5,0,3,4,3,2,2,5,5,1,3
4,11,3,0,5,4,0,0,4,1,3,0,1,3,4,4,1,4,4,1,3
4,11,4,0,3,4,0,0,3,2,3,0,1,4,4,3,2,4,5,1,3
4,11,5,0,1,5,0,0,5,1,5,0,1,5,2,1,1,5,5,1,1
4,12,3,3,3,2,2,0,2,3,1,1,3,2,4,3,5,4,4,3,3
4,12,4,0,2,4,0,0,3,1,4,0,2,4,2,2,2,5,5,1,2
4,12,4,1,2,4,0,0,3,2,4,0,3,4,3,2,2,5,5,1,2
4,12,3,1,2,3,0,0,4,2,3,0,3,3,3,3,2,4,5,2,3
4,12,4,0,2,4,0,0,4,1,4,0,2,4,2,2,1,5,5,1,2
4,12,5,0,2,5,0,0,5,1,5,0,1,5,1,1,1,5,1,1,1
4,13,3,2,2,2,1,0,3,2,3,1,4,3,2,3,5,3,3,3,3
4,13,5,1,1,5,0,0,5,1,5,0,2,5,2,1,1,5,5,1,2
4,13,3,0,5,3,0,0,3,2,4,0,2,4,3,4,1,3,5,1,3
4,13,2,1,6,2,0,0,2,2,3,0,2,3,4,5,2,4,3,1,4
4,13,3,1,6,2,0,0,2,1,3,1,2,2,5,5,2,4,4,2,4
4,13,4,0,2,4,0,0,4,1,4,0,2,4,2,2,2,4,5,1,2
4,14,3,1,4,3,0,0,3,2,4,0,2,3,3,4,2,4,4,2,3
4,14,4,0,1,4,0,0,3,2,4,0,2,4,2,2,2,4,4,1,3
4,14,4,0,2,5,0,0,5,2,5,0,1,4,2,1,1,5,5,1,2
4,14,4,1,2,4,0,0,4,1,4,1,2,4,2,2,2,4,5,2,2
4,14,5,0,1,5,0,0,4,1,5,0,1,5,1,1,1,5,5,1,1
4,14,5,0,1,5,0,0,5,1,5,0,1,5,1,1,1,5,5,1,1
4,14,5,0,2,5,0,0,4,1,5,0,2,4,1,2,1,5,5,1,2
4,14,5,0,3,4,0,0,4,2,4,0,2,4,2,2,1,5,5,1,2
5,15,4,0,2,5,0,0,4,1,5,0,3,4,2,2,1,4,5,1,2
5,15,4,0,3,5,0,0,4,2,5,0,3,4,2,2,1,5,5,1,2
5,15,4,0,2,4,0,0,4,2,4,0,3,4,3,3,1,5,5,1,3
5,15,4,0,2,3,0,0,4,2,4,0,3,4,3,3,1,4,5,1,3
5,16,4,0,2,5,0,0,4,1,4,0,2,4,1,1,1,3,5,1,1
5,16,5,1,1,5,0,0,4,1,5,1,2,4,2,2,2,5,5,1,2
5,16,3,1,4,3,0,0,3,3,3,0,3,3,4,5,3,4,4,2,3
5,16,4,0,3,3,0,0,3,2,4,0,2,4,4,4,2,4,5,1,3
5,16,3,0,2,4,0,0,3,1,4,0,2,3,3,3,2,4,5,1,3
5,16,5,0,1,5,0,0,5,1,5,0,2,4,2,2,1,5,5,1,2
5,16,4,0,2,5,0,0,3,1,5,0,2,4,2,2,1,5,5,1,1
5,17,4,0,1,4,0,0,4,4,4,0,2,4,2,2,1,5,4,1,2
5,17,4,0,4,4,0,0,3,2,4,0,2,4,3,3,1,4,5,1,2
5,17,3,0,5,4,0,0,3,2,4,0,1,3,3,3,1,5,5,1,3
5,17,5,-1,2,5,0,0,5,1,5,0,2,5,2,2,1,5,5,1,1
5,17,4,0,3,5,0,0,4,1,5,0,3,4,3,2,1,4,5,1,1
5,17,4,0,3,5,0,0,4,1,4,0,2,4,3,2,1,5,5,1,2
5,18,4,1,3,3,0,0,3,2,4,0,3,4,3,3,1,4,4,1,2
5,18,4,0,4,4,0,0,4,2,4,0,2,4,3,3,1,5,5,1,2
5,18,3,0,5,3,0,0,3,2,3,0,2,3,4,4,1,4,4,1,3
5,18,2,1,6,2,0,0,2,2,2,1,2,3,5,6,2,4,3,2,4
5,18,3,1,5,3,0,0,3,2,3,0,2,3,5,5,2,4,4,2,2
5,18,3,1,5,3,1,0,3,2,3,1,2,3,5,5,2,4,4,2,4
5,18,2,3,6,1,2,0,1,5,2,2,2,3,5,5,6,3,3,4,4
5,18,4,0,2,4,0,0,4,2,4,0,2,4,2,3,2,5,5,1,2
5,18,4,2,2,3,1,0,3,2,3,1,3,3,3,3,4,4,4,2,3
5,19,4,2,1,3,1,0,3,3,2,1,3,3,2,4,5,3,3,4,4
5,19,4,1,2,4,1,0,3,2,4,1,3,4,2,2,3,4,5,1,3
5,19,4,0,3,4,0,0,4,2,4,0,2,4,3,3,1,4,5,1,2
5,19,5,0,1,5,0,0,5,1,5,0,1,5,2,2,1,5,5,1,1
5,19,5,0,1,5,0,0,5,1,5,0,1,5,1,1,1,5,5,1,1
5,19,5,0,2,5,0,0,5,1,5,0,1,5,2,2,1,5,5,1,1
5,20,5,0,1,4,0,0,4,1,5,0,3,4,1,1,1,3,5,1,2
5,20,5,1,2,4,0,0,4,2,4,0,3,4,2,2,2,4,5,2,2
5,20,3,0,5,3,0,0,3,2,4,0,1,4,3,3,1,4,4,1,2
5,20,4,0,5,4,0,0,3,2,4,0,1,4,3,3,1,4,5,1,3
5,20,4,0,2,3,0,0,3,1,3,0,2,4,4,3,1,4,4,1,3
5,21,4,1,2,4,0,0,4,1,4,0,2,4,2,2,1,4,4,1,3
5,21,3,1,5,3,0,0,3,2,3,1,2,3,3,3,2,3,4,2,3
5,21,3,1,4,3,0,0,3,2,3,1,3,3,4,4,2,4,3,2,3
5,21,5,0,1,5,0,0,4,1,5,0,2,4,2,2,1,5,5,1,2
5,21,4,0,1,5,0,0,5,1,5,0,1,5,1,1,1,5,5,1,1
5,21,5,0,1,5,0,0,4,1,5,0,1,5,1,1,1,5,5,1,1
5,22,4,2,1,3,1,0,3,3,3,1,3,3,1,3,4,3,4,3,4
5,22,4,1,2,4,0,0,4,2,4,0,3,4,3,2,2,5,4,1,3
5,22,4,0,4,4,0,0,3,2,4,0,2,4,3,3,1,4,5,1,2
5,22,4,0,2,4,0,0,5,1,4,0,2,4,2,3,1,5,5,1,2
5,22,4,0,2,5,0,0,4,1,4,0,2,4,3,2,1,5,5,1,1
5,22,5,0,1,5,0,0,4,1,5,0,2,5,2,2,1,5,5,1,2
5,22,4,0,3,5,0,0,4,1,5,0,1,5,3,3,1,5,5,1,2
5,23,4,0,2,4,0,0,4,1,4,0,3,4,2,3,1,5,5,1,2
5,23,5,0,2,5,0,0,4,2,4,0,3,5,3,2,1,4,5,1,2
5,23,4,0,2,5,0,0,4,2,5,0,3,4,3,2,1,5,5,1,2
5,23,4,0,4,3,0,0,3,3,4,0,3,4,3,4,1,5,5,2,3
5,23,4,1,3,3,0,0,3,2,4,0,3,3,3,3,1,3,4,1,3
5,24,4,1,2,4,0,0,4,2,4,0,3,3,3,2,1,4,5,1,2
5,24,4,0,5,5,0,0,4,2,4,0,1,4,3,4,1,5,5,1,2
5,24,4,0,3,4,0,0,3,2,4,0,2,4,3,3,1,4,5,1,3
5,24,3,0,4,3,0,0,3,2,4,1,3,4,3,4,1,4,4,1,3
5,24,4,0,3,4,0,0,3,2,4,0,1,4,3,3,1,5,5,1,2
5,24,4,0,2,4,0,0,4,1,4,0,2,4,2,3,1,5,5,5,1
5,24,5,0,1,5,0,0,4,1,5,0,2,5,2,2,1,5,5,1,1
5,25,4,1,3,3,0,0,3,2,3,0,3,3,3,3,1,4,4,1,3
5,25,3,1,5,3,0,0,3,2,4,0,3,3,4,4,1,4,4,1,3
5,25,4,1,3,3,0,0,3,2,4,1,2,4,3,3,1,4,4,2,3
5,25,4,1,2,3,1,0,3,1,3,0,3,3,2,2,2,4,4,1,3
5,25,4,1,2,5,0,0,4,2,3,0,3,4,3,3,2,4,5,1,3
5,26,4,0,1,3,0,0,3,2,3,0,3,3,1,2,1,2,3,1,3
5,26,3,3,2,2,1,0,2,3,2,1,3,2,3,3,5,4,4,4,5
5,26,3,3,2,2,2,0,2,3,2,1,3,2,3,3,5,4,4,3,5
5,26,4,1,2,4,1,0,3,3,3,1,2,4,2,2,2,5,4,2,3
5,26,4,0,2,5,0,0,4,2,4,0,1,4,2,2,1,5,5,1,2
5,26,5,0,2,5,0,0,4,1,5,0,1,4,1,1,1,5,5,1,1
5,27,3,2,2,3,1,0,2,3,2,1,3,3,3,2,5,3,4,3,4
5,27,3,2,3,3,1,0,2,3,3,1,3,3,2,3,4,3,4,2,3
5,27,4,2,2,2,1,0,2,3,2,1,3,3,2,3,5,4,4,3,4
5,27,4,0,2,4,0,0,4,2,4,1,3,4,2,2,2,5,5,1,2
5,27,4,0,2,5,0,0,3,2,4,0,3,3,2,2,1,5,5,1,3
5,27,4,0,2,4,0,0,4,1,3,0,3,4,2,2,1,4,4,1,3
5,27,4,0,2,5,0,0,4,1,5,0,2,5,2,1,1,5,5,1,1
5,28,3,3,2,2,1,0,2,4,3,2,3,3,4,3,6,4,3,3,4
5,28,4,0,4,4,0,0,3,1,4,0,1,4,2,3,1,5,5,1,2
5,28,4,0,2,3,0,0,3,2,4,0,3,3,3,2,1,4,4,1,3
5,28,3,0,5,4,0,0,4,2,4,0,2,4,4,3,1,5,5,1,3
5,28,5,0,1,5,0,0,5,1,5,0,1,5,1,1,1,5,5,1,1
5,28,4,0,5,4,0,0,4,1,5,0,1,5,2,3,1,5,5,1,1
5,28,5,0,4,5,0,0,4,1,5,0,1,5,1,1,1,5,5,1,1
5,29,5,-1,1,5,-1,-1,5,1,5,-1,1,5,1,1,1,5,5,1,1
5,29,4,-1,2,5,-1,-1,5,1,5,-1,1,5,1,2,1,5,5,1,1
5,29,4,0,2,5,0,0,4,1,5,0,1,5,2,3,1,5,5,1,2
5,29,4,0,4,5,0,0,5,1,5,0,1,5,3,3,1,5,5,1,2
5,29,5,0,5,4,0,0,5,1,5,0,1,5,3,3,1,5,5,1,2
5,29,4,0,2,5,0,0,5,1,5,0,2,4,2,2,1,4,5,1,2
5,29,4,0,3,4,0,0,4,1,5,0,1,4,3,3,1,5,5,1,2
5,30,4,0,1,5,0,0,4,1,4,0,1,4,1,2,1,4,5,1,1
5,30,4,0,2,4,0,0,4,1,5,0,1,5,2,2,1,5,5,1,2
5,30,4,0,3,5,0,0,5,1,5,0,1,5,2,3,1,5,5,1,1
5,30,4,0,4,3,0,0,3,2,4,0,1,3,2,3,1,4,4,1,2
5,30,2,0,5,3,0,0,3,2,3,0,3,3,3,3,1,3,4,1,2
5,31,4,1,3,4,0,0,3,1,4,0,3,4,2,3,2,5,5,1,2
5,31,4,0,4,5,0,0,5,1,4,0,1,5,3,3,1,5,5,1,1
5,31,5,0,1,6,0,0,5,1,5,0,1,6,1,1,1,5,5,1,1
5,31,4,0,2,5,0,0,4,1,5,0,1,5,2,2,1,5,5,1,1
5,31,5,0,1,6,-1,-1,5,1,5,-1,1,5,1,1,1,5,6,1,1
5,32,5,0,3,5,0,0,6,1,5,0,1,5,2,2,1,6,5,1,1
5,32,4,0,3,5,0,0,5,2,5,0,1,5,2,3,1,5,5,1,1
5,32,4,0,3,3,0,0,3,1,4,0,1,4,3,3,2,5,5,1,2
5,32,3,0,4,5,0,0,4,2,4,0,1,4,3,4,1,5,5,1,1
5,32,4,1,4,4,0,0,3,2,4,1,1,5,4,4,2,4,5,1,2
5,32,4,1,3,4,0,0,4,2,4,0,2,4,2,3,2,4,5,1,2
5,33,4,1,2,3,0,-1,3,2,4,0,2,4,2,3,2,3,5,2,2
5,33,3,2,4,3,1,0,3,3,2,1,3,3,3,4,4,3,3,3,4
5,33,4,1,3,3,0,0,3,2,4,0,3,4,3,3,2,4,4,1,2
5,33,3,1,5,3,1,0,3,2,4,0,3,3,3,4,2,4,4,2,3
5,33,3,3,3,2,2,0,3,3,3,1,3,3,4,4,5,4,3,4,4
5,33,4,0,2,5,0,0,5,1,5,0,1,5,2,2,1,5,5,1,1
5,34,4,1,1,4,0,0,4,1,4,0,2,4,2,2,2,4,4,1,2
5,34,4,1,2,4,0,0,4,1,3,0,2,4,2,2,2,4,4,1,2
5,35,3,1,4,3,1,0,3,2,3,1,3,3,3,3,2,4,3,2,3
5,35,2,1,6,2,0,0,3,3,3,1,3,3,4,5,2,3,3,2,4
5,35,3,2,3,2,1,0,3,3,3,1,3,3,3,3,4,3,4,NA,NA
5,35,4,2,3,2,1,0,3,3,2,1,3,2,3,4,3,4,4,2,4
5,35,4,0,2,4,0,0,3,1,3,0,3,3,2,3,1,4,5,1,2
5,35,4,0,2,4,0,0,3,1,4,0,2,3,2,2,1,4,4,1,2
5,36,5,0,2,5,0,0,5,1,4,0,2,5,2,1,1,5,5,1,1
5,36,5,-1,1,5,-1,-1,5,1,5,-1,1,5,2,1,1,5,5,1,1
5,36,5,-1,2,5,-1,-1,5,1,5,-1,1,5,2,1,1,5,5,1,1
5,36,5,-1,1,5,-1,-1,5,1,5,-1,1,5,2,1,1,5,5,1,1
5,37,5,0,1,5,0,0,4,1,5,0,1,4,1,1,1,3,5,1,1
5,37,3,1,3,3,0,0,3,2,3,0,3,3,3,3,2,4,3,2,3
5,37,4,1,3,3,0,0,3,1,3,0,3,3,2,2,2,4,5,2,3
5,37,4,0,2,5,0,0,3,2,4,0,2,3,2,3,1,5,5,1,3
5,37,5,0,2,5,0,0,5,1,5,0,1,4,2,1,1,5,5,1,1
5,37,4,0,2,4,0,0,4,1,4,0,1,4,2,2,1,5,5,1,2
5,38,5,0,2,5,0,0,4,1,5,0,2,4,2,2,1,5,5,1,1
5,38,4,0,2,5,0,0,4,1,5,0,1,4,2,2,1,5,5,1,2
5,38,5,0,1,5,0,0,5,1,5,0,1,5,1,1,1,5,5,1,1
5,39,4,3,1,1,1,0,2,3,2,1,3,2,2,2,5,4,4,4,5
5,39,4,2,3,3,1,0,3,3,3,1,3,3,2,2,4,4,4,3,4
5,39,4,1,2,4,0,0,3,2,4,0,3,3,2,2,2,4,4,2,3
5,39,4,1,2,3,0,0,3,2,3,0,2,3,3,3,3,4,4,2,3
5,40,5,0,2,5,0,0,4,1,5,0,1,5,2,2,2,5,5,1,1
5,40,5,0,1,5,-1,0,4,1,5,0,1,4,1,1,1,5,5,1,1
5,41,5,0,2,5,0,0,4,1,5,0,1,5,1,1,1,5,5,1,1
5,41,5,0,1,6,0,0,5,1,5,0,1,5,1,1,1,5,5,1,1
5,41,5,-1,1,6,0,0,5,1,5,0,1,5,1,1,1,5,5,1,1
5,41,4,0,3,5,0,0,5,2,5,0,1,5,2,2,1,5,5,1,1
5,41,4,0,3,4,0,0,3,2,4,0,1,4,2,2,1,5,5,1,1
5,42,5,-1,1,5,0,0,5,1,5,0,1,5,2,2,1,5,5,1,2
5,42,5,0,1,6,0,0,5,1,5,0,1,5,1,1,1,5,5,1,1
5,42,5,0,1,5,0,0,4,1,5,0,1,4,1,1,1,4,5,1,1
5,42,5,0,2,5,0,0,4,1,5,0,1,5,1,1,1,5,5,1,1
5,42,4,0,5,4,0,0,4,2,4,0,1,4,4,4,1,5,5,1,1
5,42,4,0,2,4,0,0,4,1,4,0,2,4,2,2,1,3,4,1,2
5,43,4,1,2,4,0,0,3,2,3,0,2,3,2,3,2,4,4,1,2
5,43,4,1,1,3,0,0,4,1,3,0,2,4,1,2,2,4,5,1,2
5,43,4,0,3,5,0,0,4,2,4,0,1,4,2,2,1,5,5,1,1
5,43,4,0,4,5,0,0,4,1,4,0,1,4,2,3,1,5,5,1,2
5,43,4,0,4,5,0,0,4,1,4,0,1,4,2,2,1,4,5,1,2
5,43,4,0,4,3,0,0,3,1,4,0,2,3,2,2,1,3,4,1,2
5,43,4,0,2,5,0,0,4,1,5,0,1,5,2,2,1,4,5,1,1
5,44,5,0,1,5,0,0,4,1,4,0,1,5,1,1,1,4,5,1,1
5,44,4,0,2,5,0,0,4,1,5,0,1,5,2,2,1,5,5,1,1
5,44,5,-1,1,6,-1,-1,5,1,5,-1,2,5,2,1,1,5,5,1,1
5,44,5,0,3,5,0,0,4,1,5,0,1,5,2,2,1,5,5,1,1
5,44,5,0,2,5,0,0,5,1,5,0,1,5,1,1,1,5,5,1,1
5,45,4,2,2,3,1,0,3,3,3,1,2,4,2,2,5,4,4,3,3
5,45,4,0,2,4,0,0,4,2,4,0,2,3,2,2,2,5,5,2,2
5,45,5,0,2,5,0,0,4,2,4,0,2,4,2,2,2,5,5,1,2
5,45,3,0,4,5,0,0,5,2,5,0,1,4,2,3,1,5,5,1,2
5,45,3,0,4,6,0,0,4,1,5,0,1,5,3,3,1,5,5,1,2
5,45,4,0,3,4,0,0,4,1,4,0,2,4,3,3,2,4,4,2,2
5,45,5,0,2,5,0,0,4,1,5,0,1,4,2,2,1,5,5,1,1
5,45,4,1,2,4,1,0,3,2,3,1,3,4,2,2,2,3,4,2,2
5,45,4,0,2,5,0,0,4,1,3,0,2,3,3,2,1,5,5,1,2
5,45,3,0,5,3,0,0,3,1,4,0,2,3,3,3,1,4,5,1,3
5,46,4,2,2,3,1,0,3,3,3,1,2,3,3,2,4,4,3,2,3
5,46,4,1,2,4,0,0,3,2,4,0,2,4,3,2,2,5,5,1,2
5,46,5,0,1,5,0,0,6,1,5,0,1,5,1,1,1,5,5,1,1
5,46,4,0,3,3,0,0,4,2,4,0,1,4,3,3,2,4,5,1,3
5,46,4,0,3,5,0,0,5,1,4,0,1,4,3,3,1,4,5,1,1
5,46,5,-1,1,5,-1,-1,5,1,5,-1,1,5,1,1,1,5,5,1,1
5,47,4,2,3,3,1,0,3,3,3,1,2,3,3,3,4,3,4,2,4
5,47,4,2,2,3,2,1,3,2,3,0,2,3,2,2,5,5,5,1,3
5,47,3,3,3,3,1,0,3,3,3,0,3,3,3,4,5,4,4,3,4
5,47,4,1,2,4,0,0,3,1,4,0,2,4,2,2,2,4,4,1,2
5,47,4,1,2,3,1,0,2,2,3,1,3,3,2,2,4,5,4,2,3
5,47,4,1,2,4,0,0,3,1,3,0,2,4,1,2,2,5,5,2,2
5,47,5,0,1,4,0,0,4,1,4,0,2,4,1,1,1,4,5,1,1
5,47,4,0,3,5,0,0,5,2,4,0,1,4,2,3,1,5,5,1,2
5,47,5,0,2,5,0,0,4,1,5,0,1,4,2,3,1,5,5,1,1
5,48,5,1,2,5,0,0,4,2,4,0,2,4,2,2,2,4,5,1,2
5,48,5,0,2,5,0,0,4,2,5,0,2,4,2,1,2,5,5,1,2
5,48,5,0,1,5,0,0,5,1,5,0,1,5,1,1,1,5,5,1,1
5,48,5,0,1,5,0,0,5,1,5,0,1,5,1,1,1,5,5,1,1
5,48,4,0,2,5,0,0,4,1,5,0,1,4,1,1,1,5,5,1,1
5,48,4,0,4,5,0,0,4,1,4,0,1,4,2,3,1,5,5,1,1
5,48,5,-1,1,6,-1,-1,5,1,5,-1,1,5,2,1,1,6,6,1,1
5,48,4,0,2,4,0,0,4,1,4,0,2,4,2,2,1,4,5,2,2
5,49,4,0,2,4,0,0,3,1,4,0,2,4,2,2,1,5,5,1,1
5,49,4,0,3,4,0,0,4,1,4,0,1,5,3,3,2,5,4,1,2
5,49,4,0,5,4,0,0,3,1,4,0,2,3,3,4,1,4,4,1,3
5,49,5,0,2,5,0,0,5,1,5,0,1,4,2,2,1,5,5,1,1
5,49,4,0,4,3,0,0,3,1,3,0,1,4,3,4,1,4,5,1,2
5,49,4,0,1,4,0,0,4,1,4,0,1,4,2,1,1,5,5,1,1
5,49,5,0,2,5,0,0,4,1,4,0,2,4,1,2,1,5,5,1,1
5,49,4,0,2,4,0,0,4,1,4,0,3,4,2,2,1,5,4,1,2
5,50,5,0,2,5,0,0,4,1,4,0,2,5,1,2,1,5,5,1,1
5,50,4,0,4,5,0,0,5,1,5,0,1,5,2,3,1,5,5,1,2
5,50,5,-1,2,5,-1,-1,5,1,5,-1,1,5,2,2,1,5,5,1,1
5,50,4,-1,4,5,-1,-1,5,1,5,-1,1,5,2,2,1,5,5,1,1
5,50,5,0,2,5,0,0,4,1,5,0,2,5,2,2,1,5,5,1,1
5,50,4,0,1,5,0,0,4,1,5,0,1,5,3,2,1,5,5,1,1
5,50,5,0,2,5,0,0,5,1,5,0,1,4,2,2,1,5,5,1,1
5,51,5,0,1,5,0,0,5,1,5,0,2,5,2,1,1,5,5,1,1
5,51,5,0,1,5,0,0,5,1,5,0,1,5,1,1,1,5,5,1,1
5,51,5,0,2,5,0,0,5,1,5,0,1,5,2,1,1,5,5,1,1
5,51,4,0,2,5,0,0,4,1,5,0,2,5,3,3,1,5,5,1,2
5,51,5,0,3,4,0,0,4,1,5,0,2,5,2,2,1,5,5,1,1
5,51,5,0,2,6,0,0,5,1,5,0,1,5,1,2,1,5,5,1,1
5,52,5,0,1,5,0,0,4,1,5,0,2,5,3,1,1,5,5,1,1
5,52,5,0,2,5,0,0,5,1,5,0,1,5,2,2,1,5,5,1,1
5,53,4,0,2,4,0,0,4,1,4,0,2,4,2,2,1,4,4,1,2
5,53,3,0,4,3,0,0,3,2,4,0,2,4,3,3,1,4,4,1,3
5,53,4,0,2,5,0,0,4,1,4,0,2,4,4,2,1,5,5,1,2
5,53,5,-1,1,5,-1,-1,6,1,6,-1,1,5,1,1,1,5,5,1,1
5,53,4,0,1,5,0,0,4,1,5,0,1,5,1,1,1,5,5,1,1
5,53,5,-1,1,6,-1,-1,5,1,5,-1,1,5,1,1,1,5,5,1,1
5,53,5,-1,1,5,-1,-1,5,1,5,-1,1,5,1,1,1,5,5,1,1
5,54,4,0,2,3,0,0,3,1,4,0,1,4,1,2,1,4,5,1,1
5,54,5,0,1,5,0,0,4,1,5,0,1,5,1,1,1,5,5,1,1
5,54,4,0,1,3,0,0,3,2,4,0,2,4,2,1,1,3,4,1,2
5,54,3,1,2,3,1,0,3,2,3,0,3,3,2,3,2,3,4,2,3
5,54,4,1,1,3,0,0,3,2,3,0,3,3,2,2,2,4,4,1,3
5,55,3,3,1,1,2,0,1,3,2,1,3,2,2,2,5,3,3,3,4
5,55,4,2,1,3,1,0,3,2,3,1,3,4,2,2,3,3,4,3,3
5,55,4,1,2,3,1,0,3,2,3,1,4,2,2,2,3,3,4,2,3
5,55,4,0,1,5,0,0,4,1,4,0,2,4,1,2,1,5,5,1,2
5,55,4,0,2,5,0,0,4,1,4,0,1,5,2,2,1,5,5,1,1
5,55,5,0,1,4,0,0,4,1,4,0,1,4,2,2,1,5,5,1,2
5,55,4,0,2,4,0,0,4,2,3,0,1,3,2,2,2,4,5,2,2
5,55,4,1,1,4,0,0,4,1,4,0,2,4,2,2,2,4,4,2,2
5,56,4,1,2,3,0,0,3,1,3,0,2,3,2,3,2,3,4,1,2
5,56,3,3,2,1,3,0,1,3,2,2,3,2,2,3,6,3,3,4,4
5,56,3,2,3,3,0,0,3,1,3,1,2,3,2,3,4,4,4,2,3
5,56,4,1,2,5,0,0,4,1,3,1,2,3,3,2,2,4,4,2,3
5,56,5,0,2,4,0,0,4,1,4,0,1,4,2,1,1,4,5,1,2
5,56,4,0,3,4,0,0,3,1,5,0,2,4,2,2,1,5,5,1,1
5,56,5,1,1,4,0,0,4,1,4,0,1,4,1,1,2,5,5,1,2
5,56,5,0,2,5,0,0,5,1,5,0,1,5,1,1,1,5,5,1,1
5,56,5,0,1,5,0,0,5,1,5,0,1,5,1,1,1,5,5,1,1
5,57,4,2,2,3,0,0,3,3,3,0,3,3,2,2,3,3,3,3,3
5,57,4,0,1,5,0,0,5,1,5,0,1,4,2,2,1,5,5,1,1
5,57,3,1,2,3,1,0,3,1,3,1,3,3,2,2,2,3,4,3,3
5,57,7,2,2,3,1,0,3,1,3,1,3,3,2,2,2,4,4,3,3
5,57,4,0,2,4,0,0,4,1,4,0,2,4,2,2,1,5,5,1,2
5,57,4,1,2,4,0,0,4,1,4,0,1,4,2,2,1,5,4,1,2
5,57,4,0,3,4,0,0,4,1,5,0,1,4,2,2,1,5,5,1,1
5,57,4,1,4,3,0,0,3,2,3,0,1,3,2,4,1,3,4,2,3
5,58,4,0,2,3,0,0,3,1,3,1,2,3,1,2,2,3,4,2,2
5,58,4,3,2,3,1,0,3,2,2,2,3,3,3,3,4,4,4,3,4
5,58,4,1,2,4,0,0,4,1,4,0,2,4,1,2,2,5,5,1,2
5,58,5,1,2,4,0,0,4,1,4,0,1,4,2,2,1,5,5,1,1
5,58,5,0,1,4,0,0,4,1,4,0,1,4,1,2,2,5,5,1,1
5,58,5,0,2,5,0,0,4,1,5,0,1,5,1,1,1,5,5,1,1
5,58,4,0,2,4,0,0,4,1,4,0,2,5,2,2,1,5,5,1,2
5,58,5,0,1,5,0,0,5,1,5,0,1,5,2,2,1,5,5,1,1
5,58,4,0,1,4,0,0,4,1,4,0,2,4,2,2,1,4,4,1,2
5,59,3,2,2,3,1,0,3,3,3,1,3,3,2,2,3,3,3,2,3
5,59,3,2,5,3,1,0,3,3,3,1,3,3,4,3,5,4,3,4,4
5,59,4,0,3,4,0,0,3,2,4,0,1,4,3,3,2,5,5,2,2
5,59,5,0,3,4,0,0,5,1,5,0,1,5,1,3,2,5,5,1,1
5,59,4,0,2,4,0,0,3,1,4,0,3,4,2,2,1,5,5,1,2
5,59,5,0,2,4,0,0,4,1,4,0,2,4,1,2,1,5,5,1,1
5,59,4,0,4,5,0,0,3,2,3,0,3,3,3,3,2,4,4,2,2
5,59,4,0,2,4,0,0,3,1,4,0,2,4,2,2,1,4,5,1,2
5,59,4,2,5,3,1,0,3,3,3,0,3,3,4,4,4,4,3,4,5
5,59,4,1,2,4,0,0,4,1,4,0,2,4,2,2,2,5,5,2,2
5,60,5,0,1,5,0,0,5,1,5,0,1,5,1,1,1,5,5,1,1
5,60,5,0,1,5,0,0,5,1,5,0,1,5,1,1,1,5,5,1,1
5,60,6,-1,1,6,-1,-1,6,1,6,-1,1,6,1,1,1,5,6,1,1
5,60,5,0,1,5,0,0,5,1,5,0,1,5,1,1,1,5,5,1,1
5,60,5,0,2,5,0,0,4,1,5,0,1,5,1,1,1,5,5,1,1
5,60,5,0,2,5,0,0,4,1,5,0,1,5,1,1,2,5,5,1,1
5,60,5,0,1,5,0,0,4,1,5,0,1,5,2,1,1,5,5,1,1
5,61,4,0,2,4,0,0,3,1,3,0,1,4,2,3,1,4,4,1,1
5,61,4,1,3,4,0,0,4,1,4,0,1,4,2,2,2,5,5,1,2
5,61,3,0,3,4,0,0,4,2,3,0,2,4,2,3,2,5,5,1,1
5,61,4,0,3,3,0,0,3,1,4,0,2,4,2,2,1,3,5,1,2
5,61,5,0,1,5,0,0,4,1,4,0,1,5,2,1,1,5,5,1,1
5,61,5,0,2,4,0,0,4,2,4,0,1,5,2,2,1,5,5,1,1
5,61,5,0,2,5,0,0,4,2,4,0,2,4,1,2,1,5,5,1,1
5,61,5,0,1,5,0,0,5,1,5,0,1,5,1,1,1,5,5,1,1
5,62,5,0,1,5,0,0,5,1,5,0,1,5,1,1,1,4,5,1,1
5,62,5,0,2,5,0,0,5,1,5,0,1,5,1,1,1,5,5,1,1
5,62,5,0,2,5,0,0,5,1,5,0,1,5,2,2,1,5,5,1,2
5,62,4,0,2,5,0,0,4,1,4,0,2,5,2,2,1,4,5,1,2
5,62,5,0,2,5,0,0,4,1,5,-2,3,5,3,2,1,4,5,1,2
5,62,5,0,3,4,0,0,4,1,4,0,1,5,3,2,1,5,5,1,1
5,63,4,0,2,5,0,0,4,1,5,0,1,5,2,2,1,5,5,1,1
5,63,4,0,3,5,0,0,4,2,5,0,1,5,2,2,1,5,5,1,1
5,63,5,0,3,5,0,0,4,1,5,0,1,5,2,3,1,5,5,1,1
5,63,4,0,3,4,0,0,3,1,4,0,1,4,3,3,1,5,5,1,2
5,63,5,0,2,5,0,0,4,1,5,0,1,5,2,2,1,5,5,1,1
5,63,5,1,2,4,0,0,4,1,4,0,2,4,2,1,1,4,5,1,2
5,64,5,0,1,5,0,0,4,1,5,0,1,5,1,2,1,5,5,1,2
5,64,4,0,3,4,0,0,4,2,4,0,2,5,3,2,1,5,5,1,2
5,64,4,0,2,5,0,0,5,2,5,0,1,5,2,2,1,5,5,1,2
5,64,5,-1,1,6,0,0,5,2,5,0,1,5,2,2,1,5,5,1,1
5,64,4,0,2,5,0,0,6,1,5,0,1,5,2,2,1,5,5,1,1
5,64,4,0,3,5,0,0,5,2,5,0,1,5,3,3,1,5,5,1,2
5,65,4,1,2,3,0,0,3,1,4,0,2,3,2,3,1,4,5,1,2
5,65,4,0,4,3,0,0,3,2,4,0,3,3,2,3,1,5,5,1,3
5,65,3,0,3,3,0,0,3,2,4,0,2,3,3,2,1,5,5,1,2
5,65,4,0,3,3,0,0,3,2,4,0,2,3,3,3,1,3,5,1,3
5,65,4,0,3,5,0,0,4,2,4,0,2,4,3,3,1,4,4,1,2
5,66,4,0,3,3,0,0,3,2,4,0,3,4,3,3,1,4,5,1,3
5,66,3,0,3,3,0,0,4,2,3,1,3,4,4,3,1,4,5,2,3
5,67,4,0,2,4,0,0,4,2,4,0,2,3,2,2,1,4,4,1,2
5,67,4,0,3,5,0,0,4,2,4,0,1,4,2,2,1,5,5,1,2
5,67,4,0,3,3,0,0,3,2,4,0,2,4,3,3,1,5,5,1,2
5,67,3,1,3,3,0,0,3,2,3,0,2,3,3,3,2,3,4,1,3
5,68,3,3,3,2,1,0,2,4,2,1,3,2,3,3,6,4,3,3,5
5,68,3,2,2,2,2,0,2,3,2,1,5,3,3,4,4,3,3,3,5
5,68,4,1,2,3,1,0,3,2,3,0,3,3,2,2,3,4,4,2,4
5,68,3,3,4,2,2,0,3,3,2,1,5,2,3,4,5,3,3,3,4
5,68,3,3,5,2,3,0,2,5,2,2,5,2,3,5,6,3,2,6,5
5,68,4,1,1,4,0,0,3,1,3,0,2,3,1,1,1,5,5,1,2
5,68,4,1,2,3,1,0,3,2,4,0,4,3,4,2,2,4,4,2,2
5,69,3,3,2,1,3,0,1,3,1,1,4,2,3,2,6,2,3,3,5
5,69,3,2,3,2,1,0,2,3,3,1,3,3,4,4,4,4,3,3,4
5,69,3,2,3,4,1,0,3,2,3,1,4,3,3,3,4,4,3,3,3
5,69,4,2,2,3,1,0,4,2,3,1,4,3,3,3,4,4,4,3,4
5,69,4,0,2,4,0,0,3,1,3,0,3,3,2,2,1,4,4,1,2
5,70,4,1,2,4,0,0,4,1,4,0,3,3,2,2,1,4,5,1,2
5,70,3,0,6,3,0,0,4,2,3,0,2,4,3,4,1,5,5,1,3
5,70,4,0,4,5,0,0,4,1,4,0,1,4,3,3,1,5,5,1,2
5,70,4,0,6,4,0,0,5,3,4,0,1,4,3,4,1,5,5,1,3
5,70,5,0,2,5,0,0,4,1,5,0,2,4,2,2,1,5,5,1,2
5,70,3,0,5,3,0,0,3,2,4,0,3,3,3,4,1,5,5,1,3
5,70,4,0,3,5,0,0,4,1,5,0,1,4,2,3,1,5,5,1,2
5,70,4,0,2,5,0,0,4,1,5,0,2,5,2,2,1,4,5,1,1
5,70,4,0,5,5,0,0,4,2,4,0,1,4,3,3,1,5,5,1,1
5,71,5,0,2,5,0,0,4,1,5,0,2,5,1,2,1,5,5,1,1
5,71,4,0,3,4,0,0,3,2,4,0,3,4,3,3,1,5,5,1,2
5,71,4,0,4,5,0,0,5,1,5,0,1,5,2,2,1,5,5,1,2
5,71,5,-1,1,6,-1,-1,5,1,5,-1,1,5,1,1,1,5,5,1,1
5,71,4,0,3,4,0,0,3,2,4,0,2,4,2,3,1,4,5,1,2
5,71,5,0,1,5,0,0,5,1,5,0,1,5,2,2,1,5,5,1,1
5,72,5,0,1,6,0,0,5,1,5,0,1,5,1,2,1,5,5,1,1
5,72,5,0,1,4,0,0,4,1,4,0,2,5,1,2,1,5,5,1,1
5,72,4,0,5,5,0,0,4,2,4,0,1,5,3,2,1,5,5,1,1
5,72,4,0,2,4,0,0,3,2,4,0,1,4,2,2,1,3,5,1,2
5,72,4,0,3,3,0,0,3,2,4,0,3,4,3,3,1,4,5,1,3
5,72,4,0,2,5,0,0,4,2,5,0,2,4,3,3,1,5,5,1,2
5,72,4,0,2,5,0,0,4,1,4,0,1,4,2,2,1,5,5,1,2
5,72,4,0,2,4,0,0,3,1,4,0,2,3,2,2,1,4,4,1,2
5,73,4,2,2,3,1,0,3,2,3,0,3,3,3,2,3,3,3,2,3
5,73,3,1,2,3,1,0,3,2,3,1,3,3,3,2,1,4,4,2,3
5,73,4,1,2,4,0,0,4,2,4,0,2,4,2,2,1,5,5,1,2
5,73,4,0,3,4,0,0,4,2,4,0,1,4,3,3,1,5,5,1,2
5,73,5,0,1,4,0,0,4,1,4,0,2,4,1,2,1,5,5,1,1
5,73,5,-1,1,5,-1,-1,5,1,5,-1,1,5,1,1,1,5,5,1,1
5,73,5,0,2,5,0,0,4,1,5,0,2,5,2,1,1,5,5,1,1
5,74,4,0,3,4,0,0,4,2,4,0,2,4,3,3,1,5,5,1,2
5,74,4,0,3,4,0,0,3,1,4,0,2,4,2,2,1,5,5,1,2
5,74,4,1,3,3,0,0,3,2,4,1,3,4,2,2,2,4,4,2,3
5,75,4,0,2,5,0,0,4,1,4,0,2,5,2,2,1,5,5,1,1
5,75,4,1,3,4,0,0,4,2,4,0,3,4,3,2,1,4,5,1,2
5,75,4,0,3,5,0,0,5,2,5,0,2,4,3,3,1,5,5,1,2
5,75,4,0,3,3,0,0,3,2,4,0,2,3,2,3,1,4,5,1,2
5,76,5,0,1,4,0,0,4,2,4,0,2,4,2,2,2,5,5,1,2
5,76,4,1,2,4,0,0,3,2,4,1,2,4,2,2,2,4,5,1,2
5,76,4,1,2,4,1,0,3,1,4,0,1,4,2,2,2,4,5,2,2
5,76,4,0,1,4,0,0,4,1,4,0,3,4,2,2,1,5,5,1,2
5,76,4,0,1,4,0,0,4,1,4,0,2,5,2,1,1,5,5,1,1
5,76,5,0,1,5,0,0,5,1,5,0,1,5,2,1,1,5,5,1,1
5,76,5,0,1,5,0,0,5,1,5,0,1,5,1,1,1,5,5,1,1
5,76,5,0,1,5,0,0,5,1,5,0,1,5,1,1,1,5,5,1,1
5,77,3,0,3,3,0,0,3,2,4,0,1,4,4,3,1,5,5,1,2
5,77,4,1,3,3,0,0,3,2,3,1,2,3,4,3,2,4,4,2,3
5,77,1,-3,NA,NA,-3,NA,NA,NA,NA,NA,NA,NA,NA,NA,NA,NA,NA,NA,NA
5,77,4,0,4,3,0,0,3,2,4,0,1,4,3,3,1,5,5,1,2
5,78,5,0,2,5,0,0,4,1,5,0,2,5,2,2,1,5,5,1,2
5,78,5,0,2,4,0,0,4,2,4,1,2,4,2,2,1,5,5,1,2
5,78,4,0,2,6,0,0,5,1,4,0,1,4,2,3,1,5,5,1,2
5,79,5,0,1,5,0,0,4,1,5,0,2,5,1,1,1,4,5,1,1
5,79,4,0,2,5,0,0,4,2,4,0,2,5,3,2,1,4,5,1,2
5,79,4,0,2,4,0,0,4,1,4,0,2,4,3,3,1,5,5,1,2
5,79,4,0,3,4,0,0,4,1,4,0,1,4,3,3,1,5,5,1,2
5,80,4,0,1,4,0,0,4,2,4,0,2,4,2,2,2,5,5,1,2
5,80,4,0,2,6,0,0,4,2,4,0,1,5,2,2,1,5,5,1,2
5,80,5,0,1,5,0,0,5,1,5,0,1,4,1,1,1,5,5,1,1
5,80,3,0,3,4,0,0,3,2,4,0,1,3,3,3,1,4,5,1,3
5,81,4,0,1,4,0,0,4,1,4,0,3,4,2,1,1,4,5,1,2
5,81,3,1,4,3,1,0,3,2,3,0,2,4,3,4,1,3,4,1,3
5,81,4,0,1,4,0,0,4,1,4,0,2,3,2,2,1,4,5,1,2
5,81,4,0,2,3,0,0,3,1,4,0,3,3,2,2,1,4,5,1,2
5,81,4,0,4,5,0,0,5,1,4,0,2,4,2,3,1,5,5,1,2
5,81,5,0,1,5,0,0,4,1,5,0,1,5,1,1,1,5,5,1,1
5,82,5,0,1,5,0,0,5,1,5,-1,1,5,2,1,1,5,5,1,2
5,82,5,0,2,5,0,0,5,1,5,0,1,5,2,2,1,5,5,1,1
5,82,5,0,1,5,0,0,6,2,5,0,1,5,1,1,1,5,5,1,1
5,82,4,0,2,5,0,0,4,1,4,0,2,4,2,2,1,4,5,1,2
5,82,5,0,1,5,0,0,5,1,5,0,1,4,1,1,1,5,5,1,1
5,83,4,0,1,4,0,0,3,1,4,0,3,4,1,2,2,4,5,1,2
5,83,4,0,4,3,0,0,3,1,4,0,2,4,3,3,1,5,5,1,2
5,83,4,0,3,4,0,0,3,1,4,0,2,4,2,2,1,4,5,1,2
5,83,3,0,5,4,0,0,4,1,4,0,1,4,3,3,1,5,5,1,2
5,83,3,0,5,3,0,0,3,1,3,0,1,2,3,4,2,4,4,2,2
5,84,3,2,2,2,0,0,2,2,2,1,2,3,3,3,4,4,4,2,4
5,84,2,3,4,1,2,0,1,2,2,1,3,2,3,4,5,3,3,3,4
5,84,4,1,3,5,0,0,5,2,4,1,1,4,3,3,1,5,5,1,2
5,84,3,0,5,3,0,0,4,2,3,0,2,3,4,4,1,5,4,1,3
5,84,3,0,6,4,0,0,4,2,4,0,2,4,3,5,1,5,5,1,3
5,84,4,0,2,5,0,0,4,1,4,0,1,4,2,2,1,5,5,1,2
5,84,5,0,2,5,0,0,4,1,5,0,1,5,1,2,1,5,5,1,1
5,84,4,0,3,5,0,0,4,2,4,0,1,4,2,3,1,5,5,1,2
5,84,4,0,2,5,0,0,4,1,5,0,1,4,2,2,1,4,5,1,2
5,85,5,0,1,5,0,0,4,1,5,0,1,5,1,2,1,5,5,1,1
5,85,4,0,3,4,0,0,4,2,5,0,2,4,2,3,2,5,5,1,2
5,85,5,1,3,4,0,0,4,1,4,0,3,4,1,3,2,4,5,2,2
5,85,3,0,5,4,0,0,4,2,4,0,2,4,4,3,1,4,5,1,3
5,85,4,0,4,4,0,0,3,2,4,0,1,4,4,5,1,5,5,1,3
5,86,5,0,2,5,0,0,4,1,5,0,2,5,1,2,1,5,5,1,2
5,86,4,0,3,4,0,0,4,2,4,0,2,4,3,4,1,5,5,1,2
5,86,5,0,1,5,0,0,6,1,5,0,1,5,1,1,1,5,5,1,5
5,86,5,-1,1,6,-1,-1,6,1,6,-1,1,6,1,1,1,5,6,1,1
5,87,5,0,2,5,0,0,5,1,5,-1,1,5,2,2,1,5,5,1,1
5,87,4,-1,3,5,0,0,5,2,4,0,1,5,3,3,1,5,5,1,2
5,87,5,-1,2,5,-1,0,5,1,5,-1,1,5,3,2,1,5,5,1,1
5,87,4,0,4,3,0,0,3,1,4,0,2,4,3,3,1,4,5,1,3
5,87,5,0,2,5,0,0,4,1,4,0,1,5,2,2,1,5,5,1,1
5,88,5,1,2,4,0,0,4,1,4,0,2,4,2,2,1,5,5,1,2
5,89,4,0,2,4,0,0,4,2,3,0,2,3,2,2,2,5,5,1,3
5,89,5,0,1,4,0,0,4,1,4,0,1,4,1,1,1,5,5,1,2
5,90,5,0,1,4,0,0,4,1,4,0,2,4,1,2,2,5,5,1,2
5,90,5,0,2,5,0,0,4,1,4,0,2,4,1,2,1,4,5,1,2
5,90,4,0,3,4,0,0,4,1,4,0,1,4,2,2,2,5,5,1,2
5,90,4,0,4,4,0,0,4,1,4,0,1,4,2,3,1,5,5,1,1
5,90,4,0,1,4,0,0,4,1,4,0,2,5,2,2,1,5,5,1,1
5,91,4,0,2,4,0,0,3,1,3,0,2,4,2,2,1,3,4,1,2
5,91,4,1,4,4,0,0,3,2,4,0,2,3,3,3,2,5,5,1,3
5,91,4,1,3,3,0,1,3,2,3,0,3,3,3,3,2,4,4,1,3
5,91,4,2,3,2,0,0,3,2,3,1,3,2,2,3,3,4,4,2,3
5,91,5,1,2,3,0,0,3,2,4,0,3,3,2,2,2,4,4,2,3
5,92,3,2,3,3,1,0,3,3,2,1,3,3,2,3,5,3,3,4,4
5,92,2,3,3,2,1,0,2,4,2,1,3,3,3,2,6,3,3,4,4
5,92,3,1,3,3,0,0,3,2,3,0,3,3,3,4,3,4,4,2,4
5,92,3,1,3,3,0,0,3,2,3,0,2,3,3,4,2,4,5,2,3
5,92,3,1,5,3,0,0,3,2,3,1,2,3,3,4,2,5,5,2,3
5,92,4,1,4,4,0,0,3,2,4,0,2,4,3,3,2,4,5,2,3
5,92,4,0,3,4,0,0,3,1,4,0,2,4,3,2,2,5,5,1,2
5,93,3,3,4,2,1,0,2,4,2,1,4,2,5,3,5,3,3,4,5
5,93,7,NA,NA,NA,NA,NA,NA,NA,NA,NA,NA,NA,NA,NA,NA,NA,NA,NA,NA
5,93,3,1,5,3,0,0,3,2,3,0,2,3,3,4,2,4,4,1,3
5,93,4,1,4,3,0,0,3,2,3,1,3,3,3,4,2,4,4,2,4
5,93,4,0,2,4,0,0,3,1,4,0,2,4,1,2,1,5,5,1,2
5,93,4,0,3,4,0,0,4,1,3,0,1,4,3,2,1,5,5,1,2
5,93,4,1,4,4,0,0,3,2,4,0,2,4,3,3,2,4,5,1,3
5,93,4,1,2,3,0,0,3,1,3,0,3,3,4,3,2,4,4,1,3
5,94,3,3,5,2,1,0,2,3,2,0,3,2,4,5,5,4,3,3,5
5,94,4,1,3,4,0,0,4,2,4,0,2,4,3,4,2,5,5,1,2
5,94,3,0,6,4,0,0,3,2,3,0,2,4,4,5,2,5,4,1,3
5,94,4,1,4,3,0,0,3,1,3,0,3,3,4,3,1,5,4,1,3
5,95,4,1,3,3,0,0,3,2,4,1,3,3,3,3,2,4,4,2,3
5,95,4,1,2,4,0,0,3,1,4,0,3,4,2,2,2,5,5,1,2
5,95,4,0,2,4,0,0,3,1,3,0,2,3,3,3,2,4,4,1,3
5,95,4,0,3,3,0,0,4,1,3,0,2,4,4,3,2,4,4,1,3
5,95,4,0,2,5,0,0,4,1,4,0,2,4,2,2,1,5,5,1,2
5,95,5,0,1,5,0,0,5,1,5,0,1,5,1,2,1,5,5,1,2
5,95,5,0,1,5,0,0,5,1,5,0,1,5,2,2,1,5,5,1,1
5,96,5,0,1,5,0,0,4,1,5,0,1,5,1,1,1,5,5,1,1
5,96,5,-1,1,5,0,0,4,1,5,0,1,5,2,2,1,5,5,1,2
5,97,5,-1,1,6,-1,-1,5,1,5,-1,1,5,1,1,1,5,5,1,1
5,97,5,0,3,5,0,0,4,2,5,0,1,5,2,3,1,5,5,1,2
5,97,5,0,2,5,0,0,4,1,5,0,1,5,2,2,1,5,5,1,2
5,97,5,0,2,5,0,0,4,1,5,0,2,5,2,1,1,5,5,1,1
5,97,5,0,3,5,0,0,5,1,1,0,1,5,2,2,1,5,5,1,2
5,98,5,0,3,4,0,0,4,1,4,0,2,4,2,3,2,5,5,1,1
5,98,4,1,4,4,0,0,4,2,4,0,2,4,3,3,1,5,5,1,3
5,98,5,0,1,5,0,0,5,1,5,0,1,5,2,2,1,5,5,1,2
5,98,4,0,3,5,0,0,4,1,5,0,1,5,2,3,1,5,5,1,1
5,98,5,-1,2,6,0,0,5,1,5,0,1,5,2,2,1,5,5,1,1
5,98,5,-1,2,5,-1,-1,5,1,5,-1,1,5,1,1,1,5,5,1,1
5,98,5,0,1,5,0,0,5,1,5,0,2,5,2,2,1,5,5,1,1
5,98,5,0,2,5,0,0,4,1,5,0,2,4,2,2,1,5,5,1,1
